{"_timestamp":1.7287263639619327e+09,"_runtime":16.678242735,"_step":2999,"train_acc":0.985582335458284,"_wandb":{"runtime":16},"train_loss":1.299841407259662,"val_acc":0.908105487330716,"val_loss":8.131292235393042}