{"_step":785,"val_f1":0.3833941143323478,"val_recall":0.3682957393483709,"_timestamp":1.72882066993707e+09,"_wandb":{"runtime":9},"train_recall":0.3401113505214377,"train_precision":0.3359671427031965,"train_acc":0.6930803571428571,"train_loss":0.07288542953796474,"val_precision":0.3997833309258992,"_runtime":9.535784761,"val_loss":0.08018078915295133,"val_acc":0.6458333333333334,"train_f1":0.3380265450853399}