{"_step":299,"train_acc":0.0078125,"_wandb":{"runtime":80},"train_loss":NaN,"val_acc":0,"val_loss":NaN,"_timestamp":1.7284957106167772e+09,"_runtime":80.093946502}