{"_wandb":{"runtime":122},"_runtime":122.734183131,"_step":719,"train_acc":0.7966579861111112,"train_loss":7.02327458174805,"val_acc":0.796875,"val_loss":7.015741706435587,"_timestamp":1.728818166952075e+09}