{"_wandb":{"runtime":24},"_timestamp":1.7288183228408775e+09,"_runtime":24.100561408,"_step":617,"train_acc":0.9641927083333334,"train_loss":0.3835957854143219,"val_acc":0.875,"val_loss":6.469314022584901}