{"train_acc":0.8525390625,"train_loss":5.093181514417525,"val_acc":0.7864583333333334,"_wandb":{"runtime":391},"val_loss":7.375562272915395,"_timestamp":1.728735968724551e+09,"_runtime":390.906543313,"_step":2582}