{"train_loss":1.1907054089862397,"_wandb":{"runtime":916},"val_acc":0.4479166666666667,"val_loss":1.1375900756636326,"_timestamp":1.7285538869048126e+09,"_runtime":916.943519243,"_step":2999,"train_acc":0.43191964285714285}