{"_runtime":4.9421646169999995,"_step":16,"train_acc":0.43359375,"train_loss":0.14799734825771663,"val_acc":0.4479166666666667,"_wandb":{"runtime":5},"val_loss":0.14276625878502736,"_timestamp":1.7284202668183863e+09}