{"_timestamp":1.7284949639736683e+09,"_runtime":4.8582821240000005,"_step":0,"train_acc":0.09635416666666667,"train_loss":NaN,"_wandb":{"runtime":6},"val_acc":0,"val_loss":NaN}