{"_timestamp":1.7284935142722719e+09,"_runtime":9.484774119,"_step":999,"_wandb":{"runtime":9},"train_acc":0.006696428571428571,"train_loss":NaN,"val_acc":0,"val_loss":NaN}