{"train_precision":0.6804284369114878,"val_recall":0.35864661654135344,"train_f1":0.6041099580094899,"train_loss":0.031178703281119605,"_step":3999,"train_acc":0.8683035714285714,"_wandb":{"runtime":44},"val_loss":0.10421536280587186,"val_precision":0.346578493387004,"val_acc":0.6041666666666666,"val_f1":0.35250929744085874,"_runtime":44.383917195,"_timestamp":1.7287436435241911e+09,"train_recall":0.5431850277304249}