{"_runtime":390.466630875,"_step":3999,"train_acc":0.43080357142857145,"_wandb":{"runtime":390},"train_loss":0.10740366809403483,"val_acc":0.4479166666666667,"val_loss":0.10520405560713175,"_timestamp":1.7285543466899629e+09}