{"train_acc":0.9628234600277568,"val_mae":1.6741505733499453,"_timestamp":1.7288228403566594e+09,"val_loss":15.700231255071678,"val_mse":15.700231255071678,"train_mse":3.3516944366923367,"train_rmse":1.830763348085256,"val_acc":0.8225663205535825,"_runtime":4.211070615,"train_mae":1.1306651323277006,"train_loss":3.3516944366923367,"val_rmse":3.9623517328818347,"_wandb":{"runtime":4},"_step":1233}