{"train_acc":0.6785714285714286,"train_precision":0.3290949262988194,"val_loss":0.07982137052484536,"val_acc":0.6145833333333334,"_step":1073,"train_recall":0.33286547310418474,"val_precision":0.3477647058823529,"_wandb":{"runtime":11},"_timestamp":1.7288174955547092e+09,"train_f1":0.3309694611261853,"val_recall":0.3619047619047619,"_runtime":11.934340007,"train_loss":0.0735166925005607,"val_f1":0.3546938646626038}