{"_step":4999,"train_acc":0.8716517857142857,"_wandb":{"runtime":2311},"train_loss":0.2982387093177205,"val_acc":0.6979166666666666,"val_loss":1.735160788188562,"_timestamp":1.7285648781360333e+09,"_runtime":2311.456685561}