{"val_precision":0.38682192831129003,"val_recall":0.40012531328320805,"train_recall":0.34273431594860165,"train_loss":0.9187295304740167,"train_acc":0.6171875,"val_acc":0.6666666666666666,"_step":564,"train_precision":0.6364404133310623,"_wandb":{"runtime":144},"val_f1":0.39336117358201234,"_timestamp":1.7288253079958398e+09,"train_f1":0.44553839714702526,"val_loss":0.9448296925924368,"_runtime":144.619940156}