{"val_loss":229.97843207750708,"train_rmse":15.694752586905388,"val_rmse":15.16503979808517,"_runtime":2.107900274,"_wandb":{"runtime":2},"val_acc":-1.599064863050884,"train_loss":246.32525876417336,"train_mse":246.32525876417336,"val_mse":229.97843207750708,"_step":160,"train_mae":3.627068858461646,"_timestamp":1.7288250364001472e+09,"train_acc":-1.812920441540611,"val_mae":3.551536006650097}