{"train_acc":0.5572916666666666,"train_precision":0.1871776273372018,"_step":999,"val_acc":0.53125,"_runtime":13.832217384,"train_loss":1.1211541433761976,"_wandb":{"runtime":13},"train_recall":0.22566316316316315,"val_loss":1.0905856200641362,"train_f1":0.20462656031200183,"val_f1":0.2322448805095977,"val_recall":0.25338345864661654,"_timestamp":1.728829955563939e+09,"val_precision":0.21436170212765954}