{"_wandb":{"runtime":16},"_step":1452,"train_loss":0.06834045641159317,"_runtime":16.544221229,"train_acc":0.7064732142857143,"_timestamp":1.7287445398508627e+09,"val_precision":0.3870629370629371,"train_recall":0.39506096767189497,"val_loss":0.07718882417296839,"train_precision":0.4433767561822148,"val_acc":0.65625,"val_recall":0.40726817042606517,"train_f1":0.4178267397974331,"val_f1":0.39690857560817394}