{"_timestamp":1.728824445065073e+09,"val_acc":0.5520833333333334,"val_f1":0.32679217310174713,"train_acc":0.486328125,"train_loss":0.30919589029652855,"val_precision":0.32333333333333336,"train_precision":0.236915012027668,"train_f1":0.24724219580357837,"_runtime":12.26569154,"_wandb":{"runtime":12},"_step":2014,"val_loss":0.29888953194258194,"train_recall":0.25851074280772823,"val_recall":0.33032581453634086}