{"_wandb":{"runtime":28},"train_loss":9.712317760248425,"train_mae":1.4831555706830393,"train_acc":0.8891266092511906,"_runtime":28.993397918,"train_mse":9.712317760248425,"val_mse":8.352872475742776,"val_acc":0.9056013333027189,"train_rmse":3.1164591703162783,"val_mae":1.523132003463911,"val_loss":8.352872475742776,"_timestamp":1.7288221275331738e+09,"_step":3999,"val_rmse":2.8901336432322253}