{"train_rmse":4.206220326565003,"train_mae":1.7300889842237919,"val_loss":10.687080714146173,"_wandb":{"runtime":215},"_step":1999,"train_mse":17.692289435608597,"train_acc":0.8037595258676091,"_timestamp":1.7288230959516466e+09,"val_mae":1.620728739733619,"val_acc":0.8792216482136687,"val_rmse":3.2691100798453046,"train_loss":17.692289435608597,"val_mse":10.687080714146173,"_runtime":215.144316421}