{"val_rmse":2.431667011208923,"train_mae":0.9746826971536431,"train_loss":1.6580367586315647,"val_acc":0.933175115722502,"_runtime":28.992268684,"val_mae":1.3931107042341002,"_timestamp":1.728826726446393e+09,"train_mse":1.6580367586315647,"train_acc":0.9801123248574185,"_wandb":{"runtime":29},"_step":775,"val_loss":5.9130044534017365,"val_mse":5.9130044534017365,"train_rmse":1.2876477618632995}