{"_runtime":30.614741937,"_timestamp":1.7288218127323923e+09,"train_rmse":3.1285816764429906,"val_rmse":3.1763796019274353,"train_loss":9.788023306174834,"val_loss":10.089387375540692,"train_mse":9.788023306174834,"_step":3999,"train_mae":1.4070401129582943,"_wandb":{"runtime":30},"val_mae":1.5356339825262681,"val_acc":0.8859763849131759,"val_mse":10.089387375540692,"train_acc":0.8884175465446401}