{"_wandb":{"runtime":5},"train_acc":0.9337404746040368,"train_loss":5.97370499818797,"val_acc":0.8881404602765753,"val_loss":9.897899019075453,"_timestamp":1.728726040186976e+09,"_runtime":5.4419564959999995,"_step":999}