{"train_acc":-6.1859559380730896e+302,"_step":8,"_timestamp":1.7288446067639227e+09,"_runtime":2.192043711,"_wandb":{"runtime":27},"val_mse":Infinity,"val_loss":Infinity,"train_mae":2.548413454650319e+76,"train_rmse":1.9903347777342037e+152,"val_mae":1.3842074002051272e+77,"val_acc":-Infinity,"train_loss":3.9614325274582623e+304,"train_mse":3.9614325274582623e+304,"val_rmse":Infinity}