{"_runtime":51.510679359,"val_loss":10.843063725616146,"val_mse":10.843063725616146,"train_loss":2.7525534749269367,"train_acc":0.9694690502910688,"train_rmse":1.6590821181987758,"val_rmse":3.292880763953676,"_step":999,"_wandb":{"runtime":51},"_timestamp":1.7288290773688374e+09,"val_mae":1.6013225171064285,"train_mse":2.7525534749269367,"val_acc":0.8774588308890952,"train_mae":1.1211031087946517}