{"_wandb":{"runtime":21},"train_acc":0.8925980095496513,"train_loss":9.416977218798682,"val_acc":0.8994474469420896,"val_loss":8.897399531038886,"_timestamp":1.7288201524311564e+09,"_runtime":21.086010952,"_step":3999}