{"train_loss":0.999905352333493,"val_acc":0.6666666666666666,"val_loss":0.8961018211021846,"_timestamp":1.7285547665038686e+09,"_runtime":31.949408643,"_wandb":{"runtime":31},"_step":4999,"train_acc":0.5716145833333334}