{"val_precision":0.25062961354754665,"val_recall":0.2992481203007519,"train_recall":0.23835956078291778,"_step":999,"val_acc":0.625,"_wandb":{"runtime":66},"train_precision":0.1955185148218385,"val_f1":0.2727895171201767,"train_f1":0.21482397907708864,"_runtime":66.389145183,"_timestamp":1.7288289270256097e+09,"train_acc":0.5892857142857143,"val_loss":0.8988194569157346,"train_loss":0.9849241314609511}