{"val_recall":0.39912280701754393,"val_acc":0.6666666666666666,"train_recall":0.31668339072532464,"val_f1":0.3873174936695222,"_step":496,"train_loss":0.08100342180057707,"train_acc":0.6372767857142857,"val_loss":0.07489398860587315,"_wandb":{"runtime":6},"train_precision":0.3027769950846874,"val_precision":0.3761904761904762,"train_f1":0.3095740991142295,"_timestamp":1.7287444953093524e+09,"_runtime":6.162857285}