{"_step":68,"train_acc":0.5494791666666666,"train_loss":0.11291472967191783,"val_acc":0.4895833333333333,"val_loss":0.14573572584359482,"_timestamp":1.7284281519492488e+09,"_wandb":{"runtime":17},"_runtime":17.470674429}