{"_timestamp":1.7286586108961935e+09,"_runtime":50.460133832,"_wandb":{"runtime":50},"_step":4999,"train_acc":0.7087053571428571,"train_loss":0.5422766338311307,"val_acc":0.59765625,"val_loss":0.8379107185107044}