{"val_mse":16.003043151486256,"train_mse":1.4071041829506585,"_runtime":108.579437729,"train_mae":0.9222725914116459,"_step":1187,"train_rmse":1.186214223043485,"val_loss":16.003043151486256,"train_loss":1.4071041829506585,"val_acc":0.8191441398170007,"val_rmse":4.0003803758500585,"val_mae":1.7203372583710193,"train_acc":0.9843925913025054,"_wandb":{"runtime":108},"_timestamp":1.7288237723704298e+09}