{"val_f1":0.34410051458197477,"val_recall":0.34097744360902255,"val_precision":0.34728132387706856,"train_recall":0.35212462884438117,"train_loss":0.07159543791695192,"train_acc":0.6997767857142857,"_timestamp":1.7288179527614243e+09,"train_precision":0.3482667422436399,"val_loss":0.08299786896118984,"train_f1":0.35018506056372195,"_wandb":{"runtime":10},"val_acc":0.59375,"_runtime":10.787455871,"_step":931}