{"_runtime":7.255951942,"val_recall":0.3725563909774436,"val_loss":0.07804792644092151,"train_precision":0.31525758212602795,"train_loss":0.08100739576058612,"train_acc":0.6495535714285714,"_wandb":{"runtime":7},"train_recall":0.3169462491141448,"_timestamp":1.7287444278719199e+09,"train_f1":0.3160996603378057,"val_precision":0.3774958891237961,"val_acc":0.65625,"val_f1":0.3750098754230831,"_step":577}