{"_timestamp":1.7284951656206636e+09,"_runtime":13.466668262,"_step":50,"train_acc":0.0078125,"train_loss":NaN,"_wandb":{"runtime":13},"val_acc":0,"val_loss":NaN}