{"val_acc":0.5625,"val_recall":0.3505012531328321,"_wandb":{"runtime":6},"val_loss":0.12408094850160223,"_timestamp":1.7288283690388248e+09,"train_precision":0.8044078742608155,"train_f1":0.646573257221126,"_runtime":6.567768343,"train_loss":0.04640398070979035,"val_f1":0.33591810894601115,"_step":446,"train_recall":0.5405172023656866,"train_acc":0.7890625,"val_precision":0.3225}