{"_timestamp":1.728492733019732e+09,"_runtime":6.538644347,"_step":999,"train_acc":0.59765625,"train_loss":0.9522752759720386,"_wandb":{"runtime":6},"val_acc":0.5833333333333334,"val_loss":0.9588535684191702}