{"_wandb":{"runtime":9},"_timestamp":1.7284947612309275e+09,"_runtime":8.92518447,"_step":39,"train_acc":0.0078125,"train_loss":NaN,"val_acc":0,"val_loss":NaN}