{"val_loss":0.9153840984279459,"val_precision":0.38141864027335926,"_step":999,"train_f1":0.41241640606816715,"_timestamp":1.7288240043626618e+09,"_wandb":{"runtime":496},"train_recall":0.3105220548955215,"train_loss":0.9163055915254288,"_runtime":496.184803729,"val_recall":0.3773182957393484,"train_acc":0.5959821428571429,"val_acc":0.6666666666666666,"val_f1":0.3793573885237957,"train_precision":0.6138417266722328}