{"train_loss":10.13180695409026,"val_acc":0.9124288708667115,"val_loss":7.748737347666685,"_timestamp":1.728724870618404e+09,"_runtime":18.324797969,"_step":3999,"train_acc":0.884666836771464,"_wandb":{"runtime":18}}