{"_timestamp":1.7288171560303874e+09,"_runtime":98.779832945,"_step":587,"train_acc":0.8660714285714287,"train_loss":1.1883462673293408,"_wandb":{"runtime":98},"val_acc":0.8802083333333334,"val_loss":1.2498340823367278}