{"train_precision":0.12997400829259237,"train_loss":6.993283721495845,"val_loss":NaN,"val_recall":0,"val_acc":0,"train_recall":0.16088018626665138,"_runtime":1.092040831,"train_f1":0.1437850514456058,"train_acc":0.392578125,"_step":1,"_wandb":{"runtime":19},"_timestamp":1.728826684983862e+09,"val_precision":0,"val_f1":0}