{"train_f1":0.8574930327578549,"val_f1":0.40513904737044515,"train_loss":0.009820060421208376,"val_recall":0.42293233082706766,"_runtime":19.495680256,"train_acc":0.9676339285714286,"train_recall":0.781801921611344,"val_acc":0.6666666666666666,"val_loss":0.09589791281667766,"val_precision":0.38878248974008206,"_timestamp":1.728743592546401e+09,"_wandb":{"runtime":19},"_step":1659,"train_precision":0.9494114674963158}