{"val_acc":0.7361561915738031,"val_mse":23.34623742478988,"train_mse":33.59452918577112,"_runtime":6.167535427,"val_loss":23.34623742478988,"_step":1999,"train_acc":0.6273740399927282,"val_mae":1.824192510980891,"train_mae":1.9772540582929812,"_wandb":{"runtime":6},"train_loss":33.59452918577112,"_timestamp":1.7288228109924169e+09,"train_rmse":5.796078776705086,"val_rmse":4.831794431139417}