{"train_loss":0.634205711204624,"val_precision":0.034482758620689655,"train_hamming_loss":0.34521484375,"_step":1492,"val_acc":0.6705729166666666,"_runtime":26.929872298,"val_loss":0.63894078211867,"val_hamming_loss":0.3294270833333333,"train_recall":0.1313708605174621,"_wandb":{"runtime":26},"val_recall":0.1111111111111111,"train_precision":0.286024191123754,"val_f1":0.05263157894736842,"_timestamp":1.7288189780452902e+09,"train_f1":0.18004642828893663,"train_acc":0.65478515625}