{"_wandb":{"runtime":246},"_timestamp":1.728830421779466e+09,"_step":2227,"train_loss":16.558683643109983,"val_mae":1.5488449557937316,"train_acc":0.8163333275233416,"_runtime":246.192996906,"val_loss":9.546313573635128,"train_mse":16.558683643109983,"train_rmse":4.069236248131826,"val_acc":0.892113847560545,"val_rmse":3.089710920723026,"val_mse":9.546313573635128,"train_mae":1.6749718575784929}