{"_runtime":50.898810831,"_step":2999,"train_acc":0.646484375,"train_loss":0.8191615062282203,"val_acc":0.65625,"_wandb":{"runtime":50},"val_loss":0.9086015642859487,"_timestamp":1.7285548239104562e+09}