{"_step":45,"train_acc":0.0078125,"train_loss":NaN,"val_acc":0,"val_loss":NaN,"_timestamp":1.7284952944780962e+09,"_runtime":11.973659904,"_wandb":{"runtime":12}}