{"_wandb":{"runtime":19},"val_acc":0.4375,"val_loss":0.10590119359317994,"_timestamp":1.7285547199030826e+09,"_runtime":19.288023992,"_step":1999,"train_acc":0.4263392857142857,"train_loss":0.10756040025116734}