{"val_f1":0.1217391304347826,"val_recall":0.2,"val_precision":0.0875,"train_f1":0.16489928236082943,"_runtime":22.010846553,"_timestamp":1.7288283000189068e+09,"train_loss":7.349854457869773,"val_loss":6.476095536304835,"train_precision":0.16347064393939395,"train_recall":0.16635311187679228,"_step":535,"train_acc":0.36160714285714285,"_wandb":{"runtime":22},"val_acc":0.4375}