{"train_loss":1.1998337271794528,"_runtime":22.970488442,"_step":999,"train_acc":0.43359375,"train_f1":0.10081743869209808,"val_precision":0.0875,"_timestamp":1.72882944432385e+09,"train_precision":0.072265625,"val_recall":0.2,"_wandb":{"runtime":22},"val_f1":0.1217391304347826,"val_loss":1.154961523490045,"train_recall":0.16666666666666666,"val_acc":0.4375}