{"val_acc":0.6041666666666666,"val_loss":1.2156250322830748,"_timestamp":1.7285529644432187e+09,"_runtime":79.045089899,"_step":3999,"_wandb":{"runtime":79},"train_acc":0.7200520833333334,"train_loss":0.647829287492579}