{"_timestamp":1.7288216975827117e+09,"val_loss":5.418213678296415,"_step":686,"test report":"\n                ================Test set metrics======================\n\n\n                accuracy ::0.8698830409356725\n\n                precision :0.34365441906653427\n\n                recall::0.2777446166682712\n\n                F1-score::0.3072040972098528\n\n\n                ======================================================\")\n        ","_wandb":{"runtime":9},"val_acc":0.8888888888888888,"_runtime":9.237955506,"train_acc":0.9735863095238094,"train_loss":0.5016873612455787}