{"_wandb":{"runtime":11},"val_acc":0,"val_loss":NaN,"_timestamp":1.7284927124987788e+09,"_runtime":11.769952859,"_step":999,"train_acc":0.009765625,"train_loss":NaN}