{"train_acc":0.0078125,"train_loss":NaN,"_wandb":{"runtime":36},"val_acc":0,"val_loss":NaN,"_timestamp":1.7284948103480628e+09,"_runtime":36.246351786,"_step":158}