{"train_loss":0.11150048820407596,"val_acc":0.59375,"val_loss":0.10875472994509572,"_timestamp":1.7284167343076148e+09,"_runtime":10.640919885,"_wandb":{"runtime":10},"_step":31,"train_acc":0.5333333333333334}