{"val_precision":0.40954545454545455,"val_loss":1.0387144993443078,"train_precision":0.7031702667321226,"val_acc":0.6875,"_timestamp":1.7288261020555863e+09,"val_f1":0.4105970876008707,"_runtime":225.99167975,"_step":999,"train_acc":0.626953125,"_wandb":{"runtime":226},"train_loss":0.8845068353698794,"val_recall":0.41165413533834594,"train_f1":0.5558368003053454,"train_recall":0.45954873081928865}