{"_step":6,"train_acc":0.4153645833333333,"train_loss":0.16605374380258575,"val_acc":0.3854166666666667,"val_loss":0.17941846118158347,"_wandb":{"runtime":4},"_timestamp":1.7284192218347175e+09,"_runtime":4.661881367}