{"_step":1105,"val_mae":1.7437855031406946,"train_mae":1.210048158307937,"_runtime":94.67095486,"train_rmse":1.8454165244357954,"train_loss":3.4055621486606906,"_wandb":{"runtime":94},"val_loss":16.016530875608048,"train_mse":3.4055621486606906,"train_acc":0.9622259666747585,"_timestamp":1.7288238917269874e+09,"val_acc":0.8189917104368594,"val_mse":16.016530875608048,"val_rmse":4.002065825996375}