{"train_rmse":3.975214707326061e+148,"val_mae":2.395463677368874e+75,"val_rmse":5.805930323057845e+150,"_runtime":2.228521728,"val_acc":-3.809549739996457e+299,"_timestamp":1.7288448443198354e+09,"train_acc":-2.4677729512839487e+295,"_step":7,"val_mse":3.370882691620257e+301,"_wandb":{"runtime":3},"val_loss":3.370882691620257e+301,"train_loss":1.580233196934142e+297,"train_mse":1.580233196934142e+297,"train_mae":3.683923608791531e+74}