{"_step":4999,"train_acc":0.76025390625,"_timestamp":1.7288167519990637e+09,"train_f1":0.359549713100983,"train_loss":0.47323461544968254,"val_hamming_loss":0.4296875,"val_precision":0.18455882352941175,"val_acc":0.5703125,"_runtime":41.024849922,"train_recall":0.37966493709202176,"val_f1":0.15132125504269145,"train_precision":0.34145871279885104,"val_loss":1.0242745899060204,"_wandb":{"runtime":41},"train_hamming_loss":0.23974609375,"val_recall":0.12822835377183203}