{"train_loss":0.07565159745372356,"val_acc":0.875,"val_loss":0.08476876667045195,"_timestamp":1.7288172665424497e+09,"_wandb":{"runtime":52},"_runtime":52.841846622,"_step":1021,"train_acc":0.8936011904761907}