{"_step":4999,"train_acc":0.8839285714285714,"_wandb":{"runtime":112},"train_loss":0.35816508666018615,"val_acc":0.6354166666666666,"val_loss":1.4551863912705219,"_timestamp":1.7285625521281908e+09,"_runtime":112.796520762}