{"_timestamp":1.7288266765933568e+09,"train_loss":0.8859918494824632,"_wandb":{"runtime":146},"val_f1":0.3874481918794625,"val_loss":1.037392076588824,"val_acc":0.6458333333333334,"_runtime":146.024680667,"train_recall":0.4515601891467557,"train_f1":0.550294682671676,"val_precision":0.37434343434343437,"_step":651,"val_recall":0.4015037593984962,"train_precision":0.7042887580954792,"train_acc":0.634765625}