{"_timestamp":1.7287249808306246e+09,"_runtime":51.530191772,"_step":4999,"train_acc":0.75,"train_loss":0.48067170526045083,"val_acc":0.5872395833333334,"val_loss":0.9162968096697638,"_wandb":{"runtime":51}}