{"train_mae":0.9988024822206242,"train_acc":0.9777451044422186,"train_loss":2.006416134634269,"_wandb":{"runtime":8},"train_mse":2.006416134634269,"val_acc":0.9012515185630212,"_runtime":8.27492517,"val_mae":1.523383280995982,"val_loss":8.737766130335537,"val_mse":8.737766130335537,"val_rmse":2.9559712668318574,"_step":1970,"_timestamp":1.7288299699781473e+09,"train_rmse":1.416480192107983}