{"_runtime":307.821729752,"_step":3706,"train_loss":1.1908613163354258,"val_rmse":3.691796778034022,"train_mae":0.9218290401106417,"_timestamp":1.728827821812683e+09,"val_loss":13.629363450302387,"val_mae":1.6711514351184045,"train_mse":1.1908613163354258,"train_rmse":1.0912659237488476,"val_mse":13.629363450302387,"_wandb":{"runtime":307},"train_acc":0.9867911278416439,"val_acc":0.8459699053975093}