{"train_acc":0.8867350376692712,"train_loss":9.936878149336158,"val_acc":0.8900918977490024,"_wandb":{"runtime":12},"val_loss":9.725225940928699,"_timestamp":1.7287431881499674e+09,"_runtime":12.039089867,"_step":3999}