{"train_acc":0.981753596773217,"train_loss":1.645025820867515,"val_acc":0.9336856528127094,"val_loss":5.867829544074729,"_timestamp":1.728726029827652e+09,"_runtime":16.434607289,"_step":1999,"_wandb":{"runtime":16}}