{"val_acc":0.4375,"_wandb":{"runtime":3},"val_loss":1.1612667933759637,"_timestamp":1.7285526686105707e+09,"_runtime":3.5916970409999998,"_step":999,"train_acc":0.416015625,"train_loss":1.2240879489216223}