{"_timestamp":1.728496521904895e+09,"_runtime":32.014800166,"_wandb":{"runtime":32},"_step":143,"train_acc":0.0078125,"train_loss":NaN,"val_acc":0,"val_loss":NaN}