{"train_acc":0.64453125,"_runtime":12.638749226,"val_loss":0.9283986247120736,"train_precision":0.3217579193997775,"val_precision":0.35555555555555557,"train_loss":0.8938558369052081,"_step":999,"val_recall":0.3505012531328321,"train_recall":0.31211824068966926,"_timestamp":1.7288287721105182e+09,"train_f1":0.31686478228446296,"_wandb":{"runtime":12},"val_acc":0.6145833333333334,"val_f1":0.3530103137510107}