{"_wandb":{"runtime":8},"train_acc":0.8824576763471799,"val_acc":0.8419873506070426,"val_mae":1.701785673512548,"val_loss":13.981760083181792,"val_mse":13.981760083181792,"val_rmse":3.739219180949653,"train_mse":10.597165646861962,"_timestamp":1.7288254740014203e+09,"_step":261,"_runtime":8.392379032000001,"train_loss":10.597165646861962,"train_mae":1.5940622008538032,"train_rmse":3.2553288077952987}