{"train_acc":0.0078125,"_wandb":{"runtime":19},"train_loss":NaN,"val_acc":0,"val_loss":NaN,"_timestamp":1.7284944954201965e+09,"_runtime":19.725734569,"_step":75}