{"val_loss":13.186571305264042,"train_rmse":1.5351850364477102,"train_mse":2.3567930961329573,"_wandb":{"runtime":97},"_timestamp":1.728828049886754e+09,"_step":1067,"train_mae":1.0411059934945086,"train_acc":0.973858770720412,"val_mse":13.186571305264042,"_runtime":97.031155143,"val_mae":1.6812603903193848,"val_rmse":3.6313318913676897,"train_loss":2.3567930961329573,"val_acc":0.8509740507663073}