{"_timestamp":1.7284961365566156e+09,"_runtime":4.497667853,"_wandb":{"runtime":4},"_step":13,"train_acc":0.0078125,"train_loss":NaN,"val_acc":0,"val_loss":NaN}