{"val_loss":6.851231939284754,"_timestamp":1.7288194056538215e+09,"_runtime":206.547207902,"_step":517,"train_acc":0.9992559523809523,"train_loss":0.00775347163394708,"val_acc":0.8958333333333334,"_wandb":{"runtime":207}}