{"_step":622,"train_loss":0.5480840672709474,"_wandb":{"runtime":147},"val_loss":1.3829226074801397,"_runtime":147.108203708,"train_acc":0.783203125,"_timestamp":1.7288262649033895e+09,"val_f1":0.35634738151915163,"train_precision":0.8565486857825567,"val_recall":0.3550125313283208,"train_f1":0.640800204898187,"train_recall":0.5118698346101528,"val_precision":0.35769230769230764,"val_acc":0.5625}