{"train_f1":0.6259392081639835,"train_precision":0.7065199407871822,"val_loss":2.244377569121555,"_wandb":{"runtime":25},"_timestamp":1.7288284255320454e+09,"_step":599,"val_acc":0.5625,"_runtime":25.293000719,"val_recall":0.3162907268170426,"train_acc":0.8169642857142857,"train_loss":0.433356443357256,"val_f1":0.32231414135805897,"val_precision":0.32857142857142857,"train_recall":0.5618576469668674}