{"_runtime":22.377991679,"train_f1":0.6490596480382033,"train_recall":0.6021922672121213,"val_precision":0.33517543859649124,"train_acc":0.8225446428571429,"train_loss":0.4677854165646049,"val_acc":0.5625,"val_f1":0.3429064424671812,"train_precision":0.7038378984807788,"_wandb":{"runtime":22},"_timestamp":1.7288295395595047e+09,"val_recall":0.3510025062656642,"val_loss":1.6021056421968947,"_step":529}