{"val_loss":11.430977887234421,"_timestamp":1.7287292797331653e+09,"_runtime":348.635975125,"_step":1999,"train_acc":0.7966669246307294,"_wandb":{"runtime":348},"train_loss":18.331731194445645,"val_acc":0.8708146120110523}