{"_runtime":29.286440046,"_step":632,"train_acc":0.9364829167219088,"train_loss":5.726456921947276,"_wandb":{"runtime":29},"val_acc":0.8691237579192403,"val_loss":11.58059322713413,"_timestamp":1.7287258558173864e+09}