{"_runtime":6.688869956,"_step":564,"train_acc":0.3851822686511961,"val_mse":40.36861413918762,"train_mse":50.41857180399189,"val_rmse":6.353629997032217,"_timestamp":1.7288448873610742e+09,"train_mae":2.140097166161879,"val_mae":2.150052938972303,"train_loss":50.41857180399189,"_wandb":{"runtime":6},"val_loss":40.36861413918762,"train_rmse":7.100603622509278,"val_acc":0.5437804944080086}