{"_timestamp":1.7287257450854497e+09,"_runtime":18.09407269,"_step":291,"train_acc":0.8508453715676,"_wandb":{"runtime":18},"train_loss":13.447209952756175,"val_acc":0.8010945340679037,"val_loss":17.600163750054875}