{"_wandb":{"runtime":465},"val_acc":0.8713944447475421,"val_loss":11.379671347909117,"_timestamp":1.7287306927033343e+09,"_runtime":465.618590496,"_step":2999,"train_acc":0.9928698891452833,"train_loss":0.6428234822981485}