{"train_loss":1.3891118974048207,"train_precision":0.21070940723185028,"train_f1":0.210957529065897,"_wandb":{"runtime":23},"val_recall":0.27243107769423563,"_step":999,"val_acc":0.5208333333333334,"_runtime":23.685808632,"_timestamp":1.7288286471286354e+09,"train_recall":0.21120623594288315,"val_loss":1.3548971348234555,"val_precision":0.26152993348115305,"train_acc":0.4419642857142857,"val_f1":0.2668692287878276}