{"_wandb":{"runtime":32},"_step":99,"train_acc":0.6077777777777778,"train_loss":0.0886832978122052,"val_acc":0.5625,"val_loss":0.11299708640342411,"_timestamp":1.7284168374189436e+09,"_runtime":31.967215738}