{"val_acc":0.45124102114192466,"val_loss":48.55697575707761,"_timestamp":1.7286824555235336e+09,"_runtime":6.7948208690000005,"_step":979,"_wandb":{"runtime":6},"train_acc":0.40902169756869516,"train_loss":51.72497439894793}