{"_wandb":{"runtime":250},"val_precision":0.3818574168797954,"train_f1":0.6096530061535012,"_runtime":250.237281182,"train_acc":0.7903645833333334,"val_recall":0.42443609022556394,"train_precision":0.6842241863075196,"train_recall":0.5497389026115734,"_timestamp":1.728826522539327e+09,"train_loss":0.5445329662365287,"val_acc":0.6145833333333334,"val_loss":1.2525907384066945,"val_f1":0.402022508220236,"_step":584}