{"train_acc":0.6361607142857143,"_wandb":{"runtime":26},"val_precision":0.35555555555555557,"train_loss":0.8918885206373955,"train_f1":0.30888968570224135,"_step":999,"train_recall":0.3052059514122624,"val_f1":0.3530103137510107,"val_acc":0.6145833333333334,"val_loss":0.975381897837582,"_runtime":26.690950206,"val_recall":0.3505012531328321,"train_precision":0.3126634292688082,"_timestamp":1.7288281666652586e+09}