{"val_recall":0.37869674185463653,"train_f1":0.989924101691847,"train_acc":0.9966517857142857,"_step":3999,"_wandb":{"runtime":46},"train_loss":0.0010889895651316549,"train_precision":0.9871821774560207,"_timestamp":1.728742656961128e+09,"train_recall":0.9926812998835898,"val_precision":0.3934343434343434,"val_loss":0.12805713810945105,"val_acc":0.59375,"val_f1":0.38592489495884413,"_runtime":46.2253112}