{"_runtime":3.490921521,"_step":13,"train_acc":0.0078125,"train_loss":NaN,"val_acc":0,"val_loss":NaN,"_wandb":{"runtime":3},"_timestamp":1.7284969204558308e+09}