{"val_loss":51.7919594161403,"_timestamp":1.7286834330557723e+09,"_runtime":6.788836615,"_step":1421,"train_acc":0.46194547682110315,"train_loss":47.1557521523759,"_wandb":{"runtime":6},"val_acc":0.4146813651565322}