{"train_acc":0.9799107142857143,"_timestamp":1.7288233510931075e+09,"train_f1":0.9126907061989525,"val_acc":0.6145833333333334,"train_precision":0.9587319173319561,"val_recall":0.3991228070175438,"val_precision":0.3785547785547786,"train_recall":0.8708689413519625,"val_f1":0.3885668010233192,"train_loss":0.09231413662448709,"val_loss":2.332959746579556,"_step":553,"_runtime":18.269568158,"_wandb":{"runtime":18}}