{"val_mae":1.4279714966531474,"_step":3999,"val_mse":7.628495344199444,"val_loss":7.628495344199444,"_timestamp":1.728821706214237e+09,"_runtime":13.067370616,"train_loss":10.348482600998567,"val_acc":0.9137877668442667,"train_acc":0.882035841889695,"val_rmse":2.761973088970898,"train_rmse":3.216905749473952,"train_mse":10.348482600998567,"_wandb":{"runtime":13},"train_mae":1.4830228082453336}