{"train_loss":8.934657708277792,"val_acc":0.7083333333333334,"val_loss":10.073926389807518,"_wandb":{"runtime":1299},"_timestamp":1.728730682492648e+09,"_runtime":1299.659999876,"_step":3999,"train_acc":0.7413194444444445}