{"_wandb":{"runtime":9},"_step":34,"train_acc":0.0078125,"train_loss":NaN,"val_acc":0,"val_loss":NaN,"_timestamp":1.728495548316989e+09,"_runtime":9.280372937}