{"_timestamp":1.7288284560529704e+09,"val_loss":0.9479687111306321,"val_f1":0.40286820209469343,"_runtime":24.071692422,"train_precision":0.4992434800971386,"val_acc":0.65625,"_wandb":{"runtime":24},"train_recall":0.36511246148082194,"train_f1":0.42177072460160164,"train_loss":0.7240543602265974,"val_precision":0.3976068376068376,"train_acc":0.6852678571428571,"val_recall":0.40827067669172934,"_step":619}