{"train_acc":0.006696428571428571,"train_loss":NaN,"val_acc":0,"val_loss":NaN,"_wandb":{"runtime":21},"_timestamp":1.7285524640966883e+09,"_runtime":21.675989736,"_step":999}