{"val_acc":0.765625,"val_loss":8.095140937325779,"_timestamp":1.728819511311831e+09,"_runtime":91.196070564,"_step":776,"train_acc":0.802455357142857,"_wandb":{"runtime":91},"train_loss":6.823032349177198}