{"val_loss":11.912631803925517,"_timestamp":1.7287264988259904e+09,"_runtime":130.13467769,"_step":1999,"train_acc":0.9933098922223391,"train_loss":0.6031544903318002,"_wandb":{"runtime":130},"val_acc":0.8653712764786108}