{"_wandb":{"runtime":85},"_step":3,"val_loss":NaN,"_runtime":85.89808868,"test report":"\n                ================Test set metrics======================\n\n\n                accuracy ::0.49415204678362573\n\n                precision :0.0875\n\n                recall::0.11914893617021276\n\n                F1-score::0.1009009009009009\n\n\n                ======================================================\")\n        ","train_acc":0.4947916666666667,"train_loss":17.44962357743688,"val_acc":0.8333333333333334,"_timestamp":1.7288206590078666e+09}