{"train_acc":0.6740340113886114,"train_loss":29.387844898837244,"val_acc":0.6991597748984284,"_wandb":{"runtime":9},"val_loss":26.619867883362325,"_timestamp":1.728730709447978e+09,"_runtime":9.195925116,"_step":59}