{"val_precision":0.14640048396854205,"train_recall":0.33052094211671446,"val_acc":0.6028645833333334,"train_loss":0.4769232908550404,"train_acc":0.7626953125,"_timestamp":1.7287417716427999e+09,"val_f1":0.15302776584757097,"val_recall":0.16028350675089806,"val_loss":0.9238346946404862,"train_hamming_loss":0.2373046875,"_wandb":{"runtime":43},"val_hamming_loss":0.3971354166666667,"train_precision":0.3739387673280902,"train_f1":0.3508918736279468,"_runtime":43.225812026,"_step":4999}