{"val_acc":0.8715277777777778,"val_loss":3.2065415743860863,"_timestamp":1.7288225399641414e+09,"_runtime":21.292018963,"_wandb":{"runtime":21},"_step":37,"train_acc":0.8821614583333334,"train_loss":2.0021136746442405}