{"val_loss":1.601355282048624,"_timestamp":1.7285837585826347e+09,"_runtime":36.660136424,"_step":99,"train_acc":0.43861607142857145,"train_loss":1.6240020272172746,"_wandb":{"runtime":36},"val_acc":0.40625}