{"train_loss":NaN,"val_acc":0,"val_loss":NaN,"_timestamp":1.7284936910123322e+09,"_runtime":145.127307065,"_step":271,"_wandb":{"runtime":145},"train_acc":0.0078125}