{"_wandb":{"runtime":57},"val_acc":0.4375,"val_loss":1.1519332623503749,"_timestamp":1.7285539499724798e+09,"_runtime":57.238374973,"_step":2999,"train_acc":0.4263392857142857,"train_loss":1.1929646825664229}