{"_timestamp":1.7288194221622577e+09,"_runtime":1.817272539,"_step":307,"train_acc":-0.16632938827146493,"train_loss":102.17734752969567,"_wandb":{"runtime":1},"val_acc":-0.06226394477580577,"val_loss":93.99449776918652}