{"_timestamp":1.7288184870449317e+09,"_wandb":{"runtime":156},"_runtime":156.345250453,"_step":1232,"train_acc":0.9769965277777778,"train_loss":0.025292874522329766,"val_acc":0.8958333333333334,"val_loss":0.1028702115064992}