{"_wandb":{"runtime":23},"val_loss":NaN,"_timestamp":1.7284952247455606e+09,"_runtime":23.331407983,"_step":88,"train_acc":0.0078125,"train_loss":NaN,"val_acc":0}