{"train_acc":0.8366666666666667,"train_loss":0.04128978905281719,"val_acc":0.5520833333333334,"val_loss":0.11993906054479114,"_wandb":{"runtime":256},"_timestamp":1.7283423300829647e+09,"_runtime":256.274872218,"_step":690}