{"_step":4999,"train_acc":0.7272600446428571,"train_loss":0.18844673097917172,"_wandb":{"runtime":49},"val_acc":0.5546875,"val_loss":0.295624679293751,"_timestamp":1.7286583801438525e+09,"_runtime":49.687868546}