{"train_f1":0.6470490995993593,"train_precision":0.7911912161912161,"val_loss":1.514352082319099,"train_recall":0.5473338179065836,"_runtime":13.637113707,"val_acc":0.6041666666666666,"_wandb":{"runtime":13},"val_recall":0.34624060150375946,"train_loss":0.4419682310753454,"val_f1":0.34337977755011345,"train_acc":0.8225446428571429,"_timestamp":1.7288285731940155e+09,"val_precision":0.3405658414811733,"_step":531}