{"val_acc":0.8871527777777778,"train_acc":0.9490017361111112,"_timestamp":1.7288225111936905e+09,"_runtime":19.161165354,"train_loss":0.4707193126778784,"_wandb":{"runtime":19},"_step":819,"val_loss":3.814812690488252,"test report":"\n                ================Test set metrics======================\n\n\n                accuracy ::0.8728070175438597\n\n                precision :0.37454300085879033\n\n                recall::0.3114983472930907\n\n                F1-score::0.3401238892437098\n\n\n                ======================================================\")\n        "}