{"val_acc":0.6354166666666666,"val_loss":1.0236677587048786,"_wandb":{"runtime":45},"_timestamp":1.7285618091992671e+09,"_runtime":45.444582624,"_step":3999,"train_acc":0.6744791666666666,"train_loss":0.7682560119009726}