{"val_recall":0.3788220551378446,"train_loss":0.049432206903007155,"train_acc":0.7935267857142857,"val_acc":0.6666666666666666,"val_precision":0.41270329670329675,"train_f1":0.6441789351954592,"_runtime":33.006403068,"train_precision":0.8625573182000515,"_step":802,"val_loss":0.08812459991057076,"train_recall":0.5140372865508358,"_wandb":{"runtime":33},"val_f1":0.3950375326719392,"_timestamp":1.7288279923260522e+09}