{"val_acc":0.53125,"val_loss":0.12373998128839862,"_wandb":{"runtime":156},"_timestamp":1.7285526572104335e+09,"_runtime":156.273720401,"_step":999,"train_acc":0.8816964285714286,"train_loss":0.030249809306134728}