{"val_recall":0.3701754385964912,"_step":2212,"_timestamp":1.7287644495639784e+09,"val_f1":0.3783760889917846,"train_acc":0.6997767857142857,"val_loss":0.07844488876650928,"train_loss":0.07500827269816449,"val_acc":0.6770833333333334,"train_precision":0.34266368276479753,"train_f1":0.3429097342216104,"train_recall":0.34315613928941674,"_runtime":24.294188918,"val_precision":0.3869483159117305,"_wandb":{"runtime":24}}