{"train_loss":0.042803793956934406,"val_acc":0.8993055555555557,"val_loss":6.430918923764214,"_timestamp":1.7288165411249917e+09,"_wandb":{"runtime":91},"_runtime":91.468673104,"_step":554,"train_acc":0.9975818452380951}