{"_wandb":{"runtime":186},"val_loss":1.4287337767630122,"_timestamp":1.728565078461401e+09,"_runtime":186.748833966,"_step":4999,"train_acc":0.8225446428571429,"train_loss":0.4701712202152632,"val_acc":0.6354166666666666}