{"train_acc":0.43359375,"train_loss":0.10767510749026644,"val_acc":0.4375,"val_loss":0.10590669995379746,"_timestamp":1.7285545256799421e+09,"_wandb":{"runtime":172},"_runtime":172.677229147,"_step":1379}