{"val_loss":0.13248709753669438,"_timestamp":1.728426417305675e+09,"_wandb":{"runtime":187},"_runtime":187.425328778,"_step":671,"train_acc":0.7630208333333334,"train_loss":0.055064932490688244,"val_acc":0.4895833333333333}