{"train_loss":0.3465149417728383,"val_acc":0.6354166666666666,"val_loss":1.4413960212439505,"_timestamp":1.7285550855319731e+09,"_runtime":177.297162118,"_step":3999,"_wandb":{"runtime":177},"train_acc":0.8684895833333334}