{"val_acc":0.65625,"val_f1":0.3770863377250934,"_timestamp":1.7290182675138483e+09,"train_f1":0.31455890108195883,"train_precision":0.312898152317254,"train_acc":0.6450892857142857,"_runtime":6.866576151,"train_loss":0.0806639227618143,"_wandb":{"runtime":6},"val_precision":0.3704545454545455,"_step":406,"val_loss":0.08006823952006513,"train_recall":0.31623737320785344,"val_recall":0.38395989974937345}