{"_wandb":{"runtime":4},"_timestamp":1.7285673344529843e+09,"_runtime":4.71339997,"_step":31,"train_acc":0.0078125,"train_loss":NaN,"val_acc":0,"val_loss":NaN}