{"train_loss":NaN,"val_acc":0,"val_loss":NaN,"_timestamp":1.728567265080381e+09,"_wandb":{"runtime":9},"_runtime":8.991047974,"_step":56,"train_acc":0.0078125}