{"_step":4999,"train_acc":0.7116350446428571,"train_loss":0.5552056177163367,"val_acc":0.61328125,"val_loss":0.8416693139691724,"_timestamp":1.7286802616811497e+09,"_runtime":50.553691027,"_wandb":{"runtime":50}}