{"val_loss":0.09004016383636022,"train_acc":0.7366071428571429,"train_precision":0.5243120067624794,"val_f1":0.350810274491908,"train_f1":0.44807132948352163,"_step":1365,"train_loss":0.06323366128645011,"val_precision":0.354451491660794,"_runtime":14.992891719,"val_acc":0.6041666666666666,"_wandb":{"runtime":15},"val_recall":0.3472431077694236,"train_recall":0.3911882906813011,"_timestamp":1.7288159291621835e+09}