{"train_loss":NaN,"val_acc":0,"val_loss":NaN,"_timestamp":1.7284949388475533e+09,"_wandb":{"runtime":13},"_runtime":12.795567542,"_step":47,"train_acc":0.0078125}