{"val_acc":NaN,"_wandb":{"runtime":43},"train_acc":-8.293274695016331e+238,"train_mse":7.476898785632278e+240,"train_mae":1.5207107302863708e+60,"_step":8,"val_loss":NaN,"train_loss":7.476898785632278e+240,"_timestamp":1.728828926738183e+09,"_runtime":2.110180642,"val_mse":NaN,"val_rmse":NaN,"train_rmse":2.734391849320846e+120,"val_mae":NaN}