{"_timestamp":1.7288292306680794e+09,"_wandb":{"runtime":36},"val_acc":0.3958333333333333,"_runtime":36.950840988,"train_acc":0.3939732142857143,"val_loss":1.3547846131683714,"train_f1":0.09420870029356819,"train_recall":0.16666666666666666,"train_precision":0.06566220238095238,"val_precision":0.07916666666666666,"_step":999,"train_loss":1.3692579565837024,"val_recall":0.2,"val_f1":0.11343283582089553}