{"_runtime":10.566473027,"train_mae":2.523993788267465,"train_acc":0.3548993694275607,"_step":950,"_wandb":{"runtime":10},"_timestamp":1.7288448364392965e+09,"val_mae":2.426325821529991,"val_mse":57.04373400399717,"val_acc":0.3553292655850292,"val_loss":57.04373400399717,"val_rmse":7.552730235086989,"train_rmse":7.239686260119474,"train_loss":52.4130571449627,"train_mse":52.4130571449627}