{"val_loss":0.8764819655116063,"val_precision":0.3581881533101045,"_step":847,"val_recall":0.38195488721804505,"train_precision":0.33142776209116526,"_wandb":{"runtime":53},"_timestamp":1.7288264228170598e+09,"val_f1":0.3696899334560385,"_runtime":53.406286684,"train_loss":0.8114608455360166,"train_recall":0.33432922718637004,"train_f1":0.33287217213683806,"val_acc":0.6041666666666666,"train_acc":0.6692708333333334}