{"_runtime":123.18849998,"val_loss":7.378069430204704,"train_mae":1.1811695845447097,"_step":1207,"val_acc":0.9166179156890147,"_timestamp":1.7288225834797585e+09,"train_acc":0.9654085841614181,"train_loss":3.118629547291091,"train_rmse":1.7659641976243716,"train_mse":3.118629547291091,"val_mae":1.475685397115342,"val_mse":7.378069430204704,"_wandb":{"runtime":123},"val_rmse":2.7162601919191585}