{"val_loss":0.14453931345181895,"_timestamp":1.7288205511053095e+09,"_runtime":110.986134018,"_wandb":{"runtime":110},"test report":"\n                ================Test set metrics======================\n\n\n                accuracy ::0.8742690058479532\n\n                precision :0.3684959349593496\n\n                recall::0.2620262507621706\n\n                F1-score::0.30627188208455625\n\n\n                ======================================================\")\n        ","train_acc":0.9973958333333333,"_step":521,"train_loss":0.004326841596473353,"val_acc":0.8715277777777778}