{"val_acc":0,"val_loss":NaN,"_timestamp":1.728496979255219e+09,"_wandb":{"runtime":49},"_runtime":49.021651487,"_step":198,"train_acc":0.0078125,"train_loss":NaN}