{"train_acc":0.61328125,"train_loss":0.9406758337616967,"val_acc":0.59375,"val_loss":0.9745855978286526,"_timestamp":1.7285548541957083e+09,"_runtime":22.815312933,"_step":4999,"_wandb":{"runtime":22}}