{"train_mse":2.441353382467092,"train_mae":1.0747168245854357,"val_mae":1.4490460090674775,"_wandb":{"runtime":127},"val_acc":0.9057407323500359,"_timestamp":1.7288274878110626e+09,"_step":1436,"val_loss":8.340537741511692,"train_loss":2.441353382467092,"train_rmse":1.5624830822978828,"train_acc":0.9729208394965658,"val_rmse":2.8879989164665023,"_runtime":127.340687578,"val_mse":8.340537741511692}