{"_runtime":68.427858133,"_timestamp":1.728828918922255e+09,"train_loss":2.743796644731149,"train_rmse":1.6564409572125258,"val_loss":9.527223008963992,"val_mse":9.527223008963992,"val_acc":0.8923295965566762,"_wandb":{"runtime":68},"train_acc":0.9695661798635739,"val_rmse":3.086619997499529,"train_mse":2.743796644731149,"_step":739,"val_mae":1.5067747726472405,"train_mae":1.1051597351216071}