{"train_recall":0.1751126126126126,"val_recall":0.2245614035087719,"train_loss":1.2207356258023747,"train_f1":0.15890086879907211,"_runtime":11.647189541,"val_f1":0.21526004360012457,"val_precision":0.20669856459330144,"val_acc":0.4791666666666667,"_timestamp":1.7288287923646238e+09,"_step":999,"train_acc":0.4440104166666667,"val_loss":1.2050724778915543,"_wandb":{"runtime":11},"train_precision":0.14543650793650795}