{"train_acc":0.7644856770833334,"train_hamming_loss":0.23551432291666666,"_step":4999,"train_precision":0.34972299487851477,"val_acc":0.5755208333333334,"train_f1":0.3588521185656245,"train_loss":0.47010044528165223,"_wandb":{"runtime":78},"_timestamp":1.7288183230679085e+09,"train_recall":0.36847062803647135,"val_hamming_loss":0.4244791666666667,"val_recall":0.11106078904991949,"_runtime":78.857576157,"val_f1":0.1024103459141172,"val_loss":1.0152620685208629,"val_precision":0.09501008064516128}