{"val_acc":0.8958333333333334,"val_loss":5.928391970007232,"_timestamp":1.7288182931522827e+09,"_runtime":89.489473581,"_step":560,"_wandb":{"runtime":89},"train_acc":0.9800967261904762,"train_loss":0.26773343512618253}