{"val_loss":NaN,"_timestamp":1.7284948423884118e+09,"_runtime":4.907030043,"_step":15,"_wandb":{"runtime":5},"train_acc":0.0078125,"train_loss":NaN,"val_acc":0}