{"train_acc":0.7711111111111112,"train_loss":0.05162012943882874,"val_acc":0.5625,"_wandb":{"runtime":124},"val_loss":0.1159177746742604,"_timestamp":1.7283440873645768e+09,"_runtime":124.139885139,"_step":349}