{"val_mae":1.5502440015504662,"train_loss":10.90328846042415,"train_rmse":3.302012789258114,"_step":3999,"_wandb":{"runtime":30},"val_loss":13.822949759147335,"train_acc":0.8758655025699508,"_timestamp":1.7288219500491009e+09,"train_mae":1.433301260269009,"_runtime":30.545806436,"val_mse":13.822949759147335,"val_acc":0.8437821203572275,"val_rmse":3.717922774769177,"train_mse":10.90328846042415}