{"_step":806,"_timestamp":1.7288254612710102e+09,"_runtime":6.401604157,"_wandb":{"runtime":6},"val_acc":0.857345942737394,"val_mae":1.6968099953554412,"train_mse":8.09768197175267,"val_loss":12.622754008623897,"train_loss":8.09768197175267,"train_rmse":2.845642628959699,"train_mae":1.462078236046247,"train_acc":0.9101816101701484,"val_mse":12.622754008623897,"val_rmse":3.5528515320266196}