{"train_rmse":7.661448543558695,"val_mae":2.2779278659469018,"train_loss":58.69779378559765,"_step":999,"_runtime":105.570289821,"val_acc":0.44581006572129667,"val_loss":49.037534218728595,"val_mse":49.037534218728595,"_wandb":{"runtime":105},"train_mae":2.352968675875508,"train_acc":0.34893203477513934,"val_rmse":7.002680502402534,"_timestamp":1.7288232081691062e+09,"train_mse":58.69779378559765}