{"test report":"\n                ================Test set metrics======================\n\n\n                accuracy ::0.8654970760233918\n\n                precision :0.2596938775510204\n\n                recall::0.19924906132665834\n\n                F1-score::0.22549104453315114\n\n\n                ======================================================\")\n        ","_step":1072,"train_loss":1.1974558073195118,"_wandb":{"runtime":211},"train_acc":0.8658854166666667,"val_acc":0.859375,"val_loss":1.2090203403916269,"_runtime":211.205995163,"_timestamp":1.7288201951466846e+09}