{"train_rmse":4.820556583501444,"_timestamp":1.7288290066432679e+09,"val_acc":0.8594652714640674,"_wandb":{"runtime":24},"train_loss":23.237765774739117,"train_acc":0.7422498546607469,"train_mae":1.8556576123676691,"val_mse":12.435225061368202,"train_mse":23.237765774739117,"val_mae":1.641934610625743,"_step":527,"val_loss":12.435225061368202,"val_rmse":3.5263614479188323,"_runtime":24.645432296}