{"_wandb":{"runtime":24},"val_hamming_loss":0.3268229166666667,"val_f1":0.09643817204301075,"train_acc":0.65234375,"_timestamp":1.7288190226705403e+09,"_step":1258,"train_loss":0.6384851286765892,"train_recall":0.11627122049221497,"val_precision":0.07677902621722846,"train_f1":0.10763183506445947,"val_acc":0.6731770833333334,"val_loss":0.641643542850627,"_runtime":24.57997203,"train_hamming_loss":0.34765625,"val_recall":0.12962962962962962,"train_precision":0.10018752798925214}