{"train_recall":0.528224030251247,"train_acc":0.7879464285714286,"val_acc":0.625,"_timestamp":1.728828095849489e+09,"_step":528,"_runtime":20.021816848,"val_loss":2.1242799834757022,"train_precision":0.6005409880399744,"val_recall":0.3706766917293233,"train_f1":0.5620659320462718,"train_loss":0.5215428104390696,"_wandb":{"runtime":20},"val_f1":0.3858834623427203,"val_precision":0.4023913043478261}