{"val_mse":6.633751106946469,"train_loss":7.191906026311276,"_runtime":586.983309598,"val_mae":1.4105592453818045,"val_loss":6.633751106946469,"_timestamp":1.7288273462949612e+09,"train_mae":1.4177253153518696,"train_mse":7.191906026311276,"val_rmse":2.575606939528326,"_wandb":{"runtime":586},"val_acc":0.925029711453643,"train_acc":0.9202283540716688,"train_rmse":2.6817729259412095,"_step":4999}