{"test report":"\n                ================Test set metrics======================\n\n\n                accuracy ::0.8698830409356725\n\n                precision :0.32499999999999996\n\n                recall::0.2606912486762299\n\n                F1-score::0.28931508200359163\n\n\n                ======================================================\")\n        ","_step":729,"train_acc":0.9642857142857143,"val_acc":0.8871527777777778,"val_loss":0.10468883763004723,"_runtime":8.882391297,"train_loss":0.03669962141969242,"_wandb":{"runtime":8},"_timestamp":1.7288202090597312e+09}