{"train_acc":0.9709821428571429,"train_loss":0.09797502968194485,"val_acc":0.5833333333333334,"val_loss":2.267741302836876,"_timestamp":1.7285624258966558e+09,"_runtime":608.718117242,"_step":3999,"_wandb":{"runtime":608}}