{"_timestamp":1.728764643110923e+09,"val_f1":0.3651619990531776,"_runtime":13.98576602,"train_loss":0.06790229354999676,"_wandb":{"runtime":13},"val_precision":0.3559964012595591,"train_f1":0.36124802396820044,"_step":1219,"train_acc":0.7176339285714286,"train_recall":0.36771862018503526,"val_recall":0.37481203007518804,"train_precision":0.35500121087266406,"val_loss":0.0846097186052333,"val_acc":0.6145833333333334}