{"_timestamp":1.7288180136335406e+09,"train_acc":0.7801339285714286,"val_acc":0.6770833333333334,"val_precision":0.39217054263565887,"train_loss":0.05468207660956043,"val_recall":0.4515037593984962,"train_recall":0.442389273401483,"_wandb":{"runtime":17},"val_loss":0.07488426191585716,"train_precision":0.49886718652190076,"val_f1":0.4197507827331688,"_step":1592,"train_f1":0.46893381679894075,"_runtime":17.707317012}