{"val_loss":1.8794924134008308,"_timestamp":1.7285832246616979e+09,"_runtime":2043.070227853,"_step":4999,"_wandb":{"runtime":2043},"train_acc":0.8705357142857143,"train_loss":0.3183164582476727,"val_acc":0.6354166666666666}