{"_wandb":{"runtime":87},"val_acc":0.9216915373238361,"train_loss":2.169988080321427,"train_mae":1.0433539163682117,"val_loss":6.92912967301792,"val_mae":1.420108363345638,"train_acc":0.9759307866122265,"train_mse":2.169988080321427,"_step":954,"val_rmse":2.632324006086242,"train_rmse":1.4730879404575365,"_timestamp":1.7288281510437458e+09,"_runtime":87.32677821,"val_mse":6.92912967301792}