{"val_rmse":3.342879059712056,"val_acc":0.8737093092082424,"train_mae":0.9984290057350644,"_runtime":6.709236251,"val_loss":11.17484040786136,"train_acc":0.9811887021487041,"val_mse":11.17484040786136,"train_loss":1.6959545563472307,"_timestamp":1.7288274999946408e+09,"val_mae":1.5922145321659675,"_wandb":{"runtime":6},"_step":1991,"train_rmse":1.302288200187359,"train_mse":1.6959545563472307}