{"train_loss":87.97270829968694,"_wandb":{"runtime":33},"train_mse":87.97270829968694,"train_acc":-0.014739222248271103,"val_rmse":9.426853511485294,"val_acc":-0.004300146620018097,"val_mae":2.666379663854155,"_step":163,"train_rmse":9.379376754331119,"_timestamp":1.7288450771243553e+09,"val_loss":88.86556712700262,"val_mse":88.86556712700262,"train_mae":2.49716546650742,"_runtime":33.153397159}