{"val_acc":0.8306293238213882,"val_mse":14.986775859738028,"_step":1287,"_runtime":118.044241362,"val_rmse":3.8712757405974103,"train_acc":0.9653949025404664,"_timestamp":1.7288224518158033e+09,"val_loss":14.986775859738028,"train_rmse":1.766313400794925,"val_mae":1.7244391926531746,"train_loss":3.1198630298277337,"_wandb":{"runtime":118},"train_mae":1.1919884194797095,"train_mse":3.1198630298277337}