{"_wandb":{"runtime":11},"_timestamp":1.7288298153380964e+09,"train_loss":0.4135448406731737,"val_recall":0.3162907268170426,"val_f1":0.31900252668588225,"_step":567,"train_acc":0.8504464285714286,"train_f1":0.603734259621062,"val_acc":0.5625,"_runtime":11.7809795,"val_loss":1.823992200351891,"train_precision":0.7377229585992472,"train_recall":0.5109357209391373,"val_precision":0.3217612293144208}