{"val_f1":0.38026195448565264,"_timestamp":1.728828131434494e+09,"val_precision":0.3771181199752628,"train_f1":0.50125671421511,"train_precision":0.612599733601998,"val_loss":1.0740344569602776,"_runtime":28.685471246,"_wandb":{"runtime":28},"train_recall":0.4241629995280903,"val_acc":0.65625,"_step":697,"val_recall":0.3834586466165414,"train_acc":0.7232142857142857,"train_loss":0.682085240223791}