{"train_loss":6.6260051552007795,"val_acc":0.7986111111111112,"val_loss":6.955806316771859,"_timestamp":1.7287347053831286e+09,"_runtime":1534.098460213,"_wandb":{"runtime":1534},"_step":4999,"train_acc":0.8081597222222222}