{"train_acc":0.4283854166666667,"val_recall":0.09298245614035087,"_wandb":{"runtime":3},"val_f1":0.08396575955027469,"train_recall":0.1864377132234275,"train_loss":6.581032269531996,"_step":538,"train_precision":0.1898195536329964,"_runtime":3.767311534,"val_precision":0.0765432098765432,"train_f1":0.18811343525722202,"val_loss":10.433709475157789,"val_acc":0.09375,"_timestamp":1.7288244256863854e+09}