{"_step":167,"_wandb":{"runtime":2},"train_rmse":9.652421166857673,"train_mse":93.16923438240202,"train_acc":-0.03342050763400728,"val_mae":2.6037283909533295,"_runtime":2.334213453,"val_mse":90.13693548244669,"_timestamp":1.728823915848186e+09,"val_acc":-0.018668314933800723,"val_rmse":9.494047370981814,"train_mae":2.61699011084431,"val_loss":90.13693548244669,"train_loss":93.16923438240202}