{"_runtime":8.794474829,"_step":1999,"_timestamp":1.7288237890950558e+09,"train_mae":1.23802433831783,"val_loss":7.315199809489824,"val_mse":7.315199809489824,"val_rmse":2.704662605481472,"train_mse":3.9502983479915907,"_wandb":{"runtime":8},"train_loss":3.9502983479915907,"train_rmse":1.9875357476009308,"train_acc":0.9561838266553543,"val_mae":1.4811499133705373,"val_acc":0.9173284267603238}