{"train_loss":4.268743092458878,"val_acc":0.8784145659320377,"_step":1999,"val_mse":10.758495445007924,"val_rmse":3.280014549511621,"val_loss":10.758495445007924,"val_mae":1.5630311726315753,"train_mae":1.2131671689421928,"train_acc":0.9526516807526622,"_runtime":3.949419422,"_wandb":{"runtime":3},"train_mse":4.268743092458878,"train_rmse":2.066093679497345,"_timestamp":1.7288227981760118e+09}