{"train_acc":0.8645833333333334,"train_loss":4.020801008761543,"_wandb":{"runtime":13},"val_acc":0.8715277777777778,"val_loss":3.8865707869117756,"_timestamp":1.7288181943762777e+09,"_runtime":13.375919114,"_step":384}