{"train_loss":NaN,"val_acc":0,"val_loss":NaN,"_timestamp":1.7284969010146415e+09,"_runtime":21.788001241,"_step":90,"_wandb":{"runtime":21},"train_acc":0.0078125}