{"train_loss":12.835168533499544,"val_acc":0.916533431233351,"_wandb":{"runtime":516},"val_loss":7.385545043039411,"_timestamp":1.728728543520435e+09,"_runtime":516.317465374,"_step":2999,"train_acc":0.8576340519552182}