{"val_loss":11.674342176611468,"train_acc":0.9540364737866696,"_wandb":{"runtime":150},"train_mae":1.2648578960750736,"train_loss":4.143895457054445,"val_rmse":3.4167736501868933,"train_mse":4.143895457054445,"train_rmse":2.035656026212298,"val_mae":1.6132722964954191,"_timestamp":1.7288236544997928e+09,"val_mse":11.674342176611468,"val_acc":0.8680642689996343,"_runtime":149.98295492,"_step":1113}