{"val_precision":0.1375968992248062,"train_precision":0.17992364117364118,"train_recall":0.14401117799261187,"_runtime":31.657578217,"val_f1":0.12906627350111424,"val_recall":0.12153164870556174,"train_hamming_loss":0.3458658854166667,"val_hamming_loss":0.3294270833333333,"_wandb":{"runtime":31},"_timestamp":1.7288191552837043e+09,"train_loss":0.6325283534826109,"val_acc":0.6705729166666666,"val_loss":0.6439039946841382,"train_acc":0.6541341145833334,"train_f1":0.1599767235941238,"_step":1657}