{"train_precision":0.1533763389184303,"val_recall":0.12117552334943639,"_wandb":{"runtime":27},"train_hamming_loss":0.3430989583333333,"train_loss":0.6304478439227873,"_timestamp":1.7288189053958914e+09,"val_acc":0.6731770833333334,"_runtime":27.618396922,"train_acc":0.6569010416666666,"val_hamming_loss":0.3268229166666667,"val_f1":0.1397551366312354,"train_f1":0.1465077664424297,"val_precision":0.16506410256410256,"_step":3393,"train_recall":0.14022800876806668,"val_loss":0.6375898020037502}