{"_step":1999,"_wandb":{"runtime":16},"train_acc":0.8333333333333334,"train_loss":0.10779221958285419,"val_acc":0.8333333333333334,"val_loss":0.10624125661235477,"_timestamp":1.7288197340437458e+09,"_runtime":16.394724322}