{"_wandb":{"runtime":8},"train_mae":0.9162649824127058,"train_acc":0.9846493025871217,"train_rmse":1.1764183256305059,"train_mse":1.383960076879283,"train_loss":1.383960076879283,"val_mae":1.4810308222103896,"_step":2254,"val_loss":8.32642379399373,"_runtime":8.037334822,"val_mse":8.32642379399373,"_timestamp":1.7288300075400717e+09,"val_acc":0.9059002388948084,"val_rmse":2.885554330452596}