{"train_mse":3.5278677229321804,"_step":1189,"val_mae":1.6568574592276508,"val_acc":0.8662814880021474,"_runtime":104.368736511,"train_mae":1.2020709266513865,"val_mse":11.832091675043893,"_wandb":{"runtime":104},"val_loss":11.832091675043893,"train_acc":0.9608693698379599,"train_rmse":1.8782618888036302,"val_rmse":3.439780759735116,"_timestamp":1.728822716823956e+09,"train_loss":3.5278677229321804}