{"train_mse":7.678772142961749,"val_mse":7.160240306728889,"_step":4999,"_runtime":562.98672231,"val_mae":1.4515892516122249,"train_mae":1.435449973735075,"val_loss":7.160240306728889,"_timestamp":1.7288299547123916e+09,"val_acc":0.9190796770631611,"train_loss":7.678772142961749,"val_rmse":2.6758625350957193,"train_acc":0.9148281011582053,"train_rmse":2.771059750882638,"_wandb":{"runtime":562}}