{"train_loss":13.567981815420481,"val_acc":0.8800965179470828,"val_loss":10.609667805979473,"_timestamp":1.7287260570098438e+09,"_wandb":{"runtime":11},"_runtime":11.224417799,"_step":3999,"train_acc":0.8495057864518718}