{"_wandb":{"runtime":40},"_runtime":40.016730531,"_step":103,"train_acc":0.40513392857142855,"train_loss":0.1782211003534479,"val_acc":0.3645833333333333,"val_loss":0.17524809535338806,"_timestamp":1.7284937387742116e+09}