{"val_precision":0.1335863095238095,"val_f1":0.1342005889224092,"_step":1095,"val_hamming_loss":0.4010416666666667,"train_recall":0.3225172373441036,"val_loss":0.7914933035098736,"train_precision":0.30527546290782615,"train_loss":0.5161013089140758,"_wandb":{"runtime":9},"train_acc":0.7439778645833334,"train_hamming_loss":0.2560221354166667,"_timestamp":1.728742320529907e+09,"val_recall":0.1348205437879351,"val_acc":0.5989583333333334,"_runtime":9.603217837,"train_f1":0.31365958503966157}