{"train_loss":9.390295988049418,"val_loss":9.971032411144353,"train_mae":1.4418930933160967,"train_rmse":3.0643589848530177,"val_mse":9.971032411144353,"val_mae":1.5162114406161311,"_step":3999,"train_acc":0.8929433506624078,"_runtime":12.050213796,"_wandb":{"runtime":12},"train_mse":9.390295988049418,"val_rmse":3.1576941604823534,"_timestamp":1.7288442861439328e+09,"val_acc":0.8873139548172375}