{"_runtime":15.891382107,"train_loss":0.7261324805220125,"_step":806,"_wandb":{"runtime":15},"val_f1":0.4223670834396002,"val_recall":0.4325814536340852,"val_precision":0.41262396140444924,"_timestamp":1.7288285967702448e+09,"train_acc":0.7109375,"val_acc":0.7083333333333334,"train_recall":0.3996097731667477,"train_f1":0.47409529949353846,"val_loss":0.9689621583171989,"train_precision":0.58270989300682}