{"train_acc":0.359375,"val_acc":0.34375,"train_loss":1.7345602725901765,"train_recall":0.15455312233262544,"_step":999,"val_f1":0.16341651634325835,"val_recall":0.1636591478696742,"train_f1":0.15782678481160173,"_timestamp":1.728829970739124e+09,"_wandb":{"runtime":7},"val_loss":1.759377742738204,"val_precision":0.16317460317460317,"_runtime":7.656537264,"train_precision":0.16124213031928034}