{"train_loss":23.222987160517718,"val_acc":0.8582737431902918,"val_loss":12.540657522125365,"_timestamp":1.7287262353035476e+09,"_runtime":9.691241828999999,"_step":4999,"_wandb":{"runtime":9},"train_acc":0.7424137770446974}