{"_runtime":29.803130458,"val_acc":0.6458333333333334,"val_precision":0.3932900432900433,"val_recall":0.3791979949874687,"train_precision":0.43565545021132673,"_timestamp":1.7288295788050976e+09,"val_loss":1.0770173407039907,"_wandb":{"runtime":29},"train_recall":0.37345808159218813,"val_f1":0.3861154826336439,"train_f1":0.40216617885118483,"train_acc":0.7354910714285714,"_step":682,"train_loss":0.6657523358939405}