{"val_loss":9.497757979957267,"_timestamp":1.7287289228277063e+09,"_runtime":371.634280501,"_step":2999,"_wandb":{"runtime":371},"train_acc":0.9896013793201952,"train_loss":0.93749980788415,"val_acc":0.8926625909200534}