{"train_acc":0.9700520833333334,"_timestamp":1.7288204340996697e+09,"test report":"\n                ================Test set metrics======================\n\n\n                accuracy ::0.868421052631579\n\n                precision :0.37837928153717626\n\n                recall::0.28757100221430637\n\n                F1-score::0.32678388121051005\n\n\n                ======================================================\")\n        ","train_loss":0.03502504876199205,"_wandb":{"runtime":121},"val_acc":0.8645833333333334,"val_loss":0.10289808323660928,"_step":684,"_runtime":121.087848352}