{"val_loss":1.8269391216378335,"_timestamp":1.7288197117335575e+09,"_runtime":89.455252412,"_step":559,"train_acc":0.8662574404761904,"train_loss":1.1512834037398891,"_wandb":{"runtime":89},"val_acc":0.8784722222222222}