{"_timestamp":1.728496045821708e+09,"_runtime":277.636729215,"_wandb":{"runtime":277},"_step":999,"train_acc":0.0078125,"train_loss":NaN,"val_acc":0,"val_loss":NaN}