{"_runtime":35.537650199,"_step":2999,"_wandb":{"runtime":35},"train_acc":0.7591145833333334,"train_loss":0.563432111034284,"val_acc":0.5625,"val_loss":1.395636403058217,"_timestamp":1.7285548989719398e+09}