{"_wandb":{"runtime":916},"train_acc":0.8333333333333334,"train_loss":NaN,"val_acc":0.8333333333333334,"val_loss":NaN,"_timestamp":1.7287330058989356e+09,"_runtime":916.459419807,"_step":3999}