{"train_loss":0.08248170252489832,"_wandb":{"runtime":4},"val_precision":0.38722104768616394,"_step":358,"train_f1":0.3840820678665006,"train_acc":0.6395089285714286,"train_recall":0.3225653092325393,"val_recall":0.3830827067669173,"val_acc":0.6770833333333334,"val_f1":0.38514076091984667,"_timestamp":1.728816241735478e+09,"_runtime":4.626263593,"val_loss":0.07845926486596168,"train_precision":0.4745919895281954}