{"train_f1":0.16961999695953406,"val_acc":0.3854166666666667,"_step":999,"train_precision":0.1754762936557862,"val_precision":0.23414141414141412,"train_acc":0.3939732142857143,"val_f1":0.21974564765049448,"val_loss":1.4217175161279811,"_runtime":17.271569623,"_wandb":{"runtime":17},"val_recall":0.20701754385964916,"train_recall":0.1641419688461985,"train_loss":1.3794138809261483,"_timestamp":1.7288287342526987e+09}