{"train_acc":0.6729910714285714,"train_recall":0.3337998575917489,"val_f1":0.3770421555993415,"_runtime":19.816752471,"train_precision":0.501512557309756,"_step":995,"_wandb":{"runtime":19},"train_f1":0.40081966273710834,"val_recall":0.36065162907268167,"_timestamp":1.7288298445647564e+09,"val_loss":0.9315865550553347,"train_loss":0.8137687977340828,"val_precision":0.3949934123847167,"val_acc":0.65625}