{"_step":62,"_wandb":{"runtime":16},"train_acc":0.43359375,"train_loss":2.1736724250679207,"val_acc":0.4375,"val_loss":2.1586816497229697,"_timestamp":1.7284964604815483e+09,"_runtime":16.528336141}