{"train_acc":0.9964354551912633,"_wandb":{"runtime":441},"train_loss":0.3213657057300986,"val_acc":0.8779286509302685,"val_loss":10.801491667156315,"_timestamp":1.7287271403957534e+09,"_runtime":441.336957291,"_step":4999}