{"val_loss":0.1139111590587459,"val_acc":0.8767361111111112,"test report":"\n                ================Test set metrics======================\n\n\n                accuracy ::0.8640350877192983\n\n                precision :0.39499999999999996\n\n                recall::0.27939411443791917\n\n                F1-score::0.3272883699317552\n\n\n                ======================================================\")\n        ","_wandb":{"runtime":7},"_runtime":7.776866163,"_step":614,"train_acc":0.9427083333333333,"_timestamp":1.7288209932165613e+09,"train_loss":0.04740444518843261}