{"_timestamp":1.7284957621079726e+09,"_runtime":15.047409431,"_step":51,"_wandb":{"runtime":15},"train_acc":0.0078125,"train_loss":NaN,"val_acc":0,"val_loss":NaN}