{"train_loss":3.0466289442132544,"_wandb":{"runtime":232},"val_loss":13.10183615861705,"train_mae":1.164715375565461,"val_mae":1.6943115247602292,"_runtime":232.588752641,"train_rmse":1.745459522364599,"train_acc":0.9662072050825395,"_step":1787,"val_acc":0.8519316716193855,"val_mse":13.10183615861705,"_timestamp":1.728825844037025e+09,"train_mse":3.0466289442132544,"val_rmse":3.6196458609395825}