{"_timestamp":1.728822821494201e+09,"train_acc":0.54567828294698,"_wandb":{"runtime":5},"train_rmse":6.399992632807737,"train_mae":2.0924495358031607,"val_mae":1.9287941252463756,"_runtime":5.792078817,"train_mse":40.959905699993314,"train_loss":40.959905699993314,"val_rmse":5.675760124980588,"val_loss":32.214252996319665,"_step":1999,"val_mse":32.214252996319665,"val_acc":0.6359357166851692}