{"_step":3999,"val_rmse":3.222516824577056,"train_acc":0.8735004054850242,"_timestamp":1.7288217663885002e+09,"train_mae":1.463265334959718,"val_mae":1.5593688376692716,"val_mse":10.384614684682195,"val_loss":10.384614684682195,"train_rmse":3.3345967344804666,"_wandb":{"runtime":29},"_runtime":29.467106991,"train_mse":11.11953538160779,"train_loss":11.11953538160779,"val_acc":0.8826399201896311}