{"val_loss":0.11604911856447649,"_timestamp":1.728490787264064e+09,"_runtime":270.476856378,"_step":999,"_wandb":{"runtime":270},"train_acc":0.7838541666666666,"train_loss":0.0503541527714666,"val_acc":0.5729166666666666}