{"val_loss":8.98494289450224,"val_mse":8.98494289450224,"train_rmse":1.3359776409812385,"train_acc":0.9802028383812774,"val_rmse":2.9974894319250303,"_runtime":7.996155751,"train_mae":0.990370230993729,"val_acc":0.8984580894709758,"_timestamp":1.7288301619033546e+09,"val_mae":1.4757581529929833,"_wandb":{"runtime":8},"_step":2279,"train_loss":1.7848362572017953,"train_mse":1.7848362572017953}