{"train_mae":1.4804820691518075,"_timestamp":1.7288215357582192e+09,"val_mae":1.6420663198410068,"train_mse":11.57146789135397,"_step":3999,"_wandb":{"runtime":28},"val_loss":12.68993942543641,"val_rmse":3.5622941239370465,"val_acc":0.8565866573793305,"val_mse":12.68993942543641,"train_acc":0.8683060969476988,"train_loss":11.57146789135397,"_runtime":28.633329218,"train_rmse":3.4016860365639228}