{"_wandb":{"runtime":3},"val_acc":0.3020833333333333,"val_loss":9.746748383064109,"_timestamp":1.7284950981913302e+09,"_runtime":3.725390311,"_step":11,"train_acc":0.3736979166666667,"train_loss":8.226112562319733}