{"train_rmse":1.2336748922958947,"val_mae":1.500496010198165,"val_acc":0.9016566241864842,"train_mae":0.9267965301659933,"_runtime":163.215604913,"_timestamp":1.7288293858933685e+09,"train_loss":1.5219537398812872,"train_mse":1.5219537398812872,"val_mse":8.701920331550651,"val_loss":8.701920331550651,"_step":1749,"train_acc":0.9831186955985046,"_wandb":{"runtime":163},"val_rmse":2.94990174947415}