{"val_mae":1.5453327107556636,"val_mse":8.50489916897103,"_runtime":180.719823836,"_wandb":{"runtime":180},"train_rmse":1.568474226495796,"val_acc":0.9038832276827875,"val_rmse":2.9163160269372437,"train_mse":2.4601113991815855,"train_acc":0.9727127781200418,"val_loss":8.50489916897103,"train_mae":1.107902077279735,"_step":2149,"train_loss":2.4601113991815855,"_timestamp":1.7288234908021386e+09}