{"train_acc":0.6618303571428571,"train_loss":0.8076046971650216,"val_f1":0.31450429818447345,"_step":783,"train_precision":0.8234807653548836,"_wandb":{"runtime":13},"val_acc":0.5520833333333334,"_timestamp":1.7288286911677945e+09,"train_f1":0.5132185395878456,"_runtime":12.977617436,"train_recall":0.372770194906251,"val_recall":0.3209273182957394,"val_loss":1.121174392214812,"val_precision":0.30833333333333335}