{"_runtime":13.480743291,"train_recall":0.4647912776150505,"_timestamp":1.7288279515360484e+09,"val_precision":0.3342273307790549,"train_precision":0.6245336409899283,"train_acc":0.7299107142857143,"_wandb":{"runtime":13},"train_loss":0.06063341655528731,"train_f1":0.532949873727347,"_step":529,"val_loss":0.10252609700657943,"val_acc":0.5416666666666666,"val_recall":0.33208020050125314,"val_f1":0.33315030615019375}