{"val_mse":NaN,"val_mae":NaN,"train_mae":1.7607520003334307e+46,"_timestamp":1.7288238987284462e+09,"_step":5,"val_loss":NaN,"train_rmse":3.6710692950835623e+92,"train_loss":1.3476749769305325e+185,"val_acc":NaN,"train_acc":-1.494822800699389e+183,"_wandb":{"runtime":11},"val_rmse":NaN,"_runtime":1.23730568,"train_mse":1.3476749769305325e+185}