{"train_loss":1.165341620289294,"train_recall":0.23166550484750506,"_wandb":{"runtime":42},"train_acc":0.5714285714285714,"val_loss":1.2000862519183342,"val_f1":0.2662076878944349,"_timestamp":1.728828553151477e+09,"val_recall":0.29072681704260656,"train_precision":0.1907075478749645,"val_acc":0.6041666666666666,"_step":999,"val_precision":0.2455026455026455,"_runtime":42.071723393,"train_f1":0.20920065838439353}