{"val_f1":0.230055972119548,"_timestamp":1.7288247595359282e+09,"_runtime":215.304542886,"train_loss":0.3156236166927039,"val_recall":0.2456140350877193,"val_loss":0.38152589675527926,"train_recall":0.21573904990347162,"train_acc":0.47265625,"train_precision":0.17884199134199133,"_step":1596,"_wandb":{"runtime":215},"train_f1":0.19556540868350578,"val_acc":0.5208333333333334,"val_precision":0.2163515016685206}