{"_wandb":{"runtime":754},"_runtime":754.292381621,"_step":4999,"train_acc":1,"train_loss":0.0006775815122274097,"val_acc":0.8784722222222223,"val_loss":7.866139891505523,"_timestamp":1.72873552745732e+09}