{"train_loss":0.0773124734247336,"train_f1":0.3193842875073202,"val_recall":0.38922305764411025,"_runtime":38.104615124,"_wandb":{"runtime":38},"_step":999,"val_acc":0.6666666666666666,"train_precision":0.3148046165904714,"train_recall":0.3240991724744839,"_timestamp":1.7288280402425702e+09,"val_loss":0.0804579688466694,"val_precision":0.39929303640862496,"val_f1":0.39419374620037145,"train_acc":0.6506696428571429}