{"train_mse":1.8645923317679862,"_wandb":{"runtime":111},"val_loss":9.568766225426703,"train_mae":0.9961331205393058,"val_acc":0.8918601024687699,"train_acc":0.9793181948225808,"train_loss":1.8645923317679862,"val_mse":9.568766225426703,"_step":1198,"train_rmse":1.3655007622729423,"_runtime":111.638046348,"_timestamp":1.7288288191369684e+09,"val_rmse":3.093342241884448,"val_mae":1.5107048541704273}