{"_step":781,"_timestamp":1.7288251483653274e+09,"val_acc":0.65625,"val_f1":0.4036267454072555,"val_precision":0.39093701996927804,"val_recall":0.41716791979949874,"val_loss":1.2804063393974212,"_wandb":{"runtime":201},"train_recall":0.8904511210411831,"train_acc":0.9544270833333334,"train_f1":0.9248131173178679,"train_precision":0.9619335805671211,"train_loss":0.18898327228770606,"_runtime":200.89236582}