{"val_mse":11.388545889704972,"train_acc":0.8757899067076695,"val_mae":1.5629202539639515,"_timestamp":1.7288219932266693e+09,"train_rmse":3.3059929049027916,"val_acc":0.8712941505175618,"_step":3999,"_runtime":28.426387709,"val_loss":11.388545889704972,"_wandb":{"runtime":28},"train_mae":1.4320232991136546,"train_loss":10.9295890872676,"val_rmse":3.3746919696032958,"train_mse":10.9295890872676}