{"train_acc":0.8673735119047618,"train_loss":1.1650947944905163,"val_acc":0.859375,"val_loss":1.5075315032147272,"_timestamp":1.7288164420034394e+09,"_runtime":56.010714533,"_wandb":{"runtime":56},"_step":3999}