{"train_f1":0.9249182342091811,"val_f1":0.38473806084937123,"val_precision":0.3760294117647059,"_wandb":{"runtime":87},"train_loss":0.004027459542242121,"train_recall":0.8912524708245958,"train_acc":0.984375,"_step":7823,"val_recall":0.393859649122807,"_timestamp":1.7287645447618985e+09,"train_precision":0.9612271906713504,"val_loss":0.11243880122477938,"_runtime":87.706720355,"val_acc":0.6041666666666666}