{"_wandb":{"runtime":45},"_runtime":45.873287809,"_step":2999,"train_acc":0.8333333333333333,"train_loss":NaN,"val_acc":0.8333333333333334,"val_loss":NaN,"_timestamp":1.728733058261093e+09}