{"train_loss":0.5017157502469802,"val_acc":0.5729166666666666,"val_loss":1.9190944753052985,"_timestamp":1.728565262901154e+09,"_wandb":{"runtime":179},"_runtime":179.826029183,"_step":4999,"train_acc":0.796875}