{"val_precision":0.43678398895790205,"train_loss":0.4479239442287379,"_wandb":{"runtime":16},"val_acc":0.6145833333333334,"train_recall":0.5661548643110752,"val_f1":0.45321350731391474,"val_loss":1.4916991757524924,"train_precision":0.6651717053544677,"train_acc":0.8549107142857143,"train_f1":0.611682076657886,"val_recall":0.47092731829573936,"_timestamp":1.7288296975773852e+09,"_step":537,"_runtime":16.100440519}