{"val_mse":10.222795384379223,"val_mae":1.4944153909318796,"_runtime":30.342970572,"_timestamp":1.7288212854262965e+09,"train_rmse":3.3300777888684947,"train_acc":0.8737831052081727,"val_rmse":3.197310648713888,"_step":3999,"train_loss":11.089418079915282,"train_mae":1.455926709866379,"_wandb":{"runtime":30},"val_loss":10.222795384379223,"val_acc":0.8844686954090359,"train_mse":11.089418079915282}