{"_runtime":8.797607245,"_step":557,"_wandb":{"runtime":8},"train_acc":0.8190104166666666,"train_loss":6.2512300668184295,"val_acc":0.796875,"val_loss":7.015769470235245,"_timestamp":1.7288189173772058e+09}