{"train_loss":1.4120389378738425,"val_acc":0.4583333333333333,"_wandb":{"runtime":6},"val_loss":1.8791249497323923,"_timestamp":1.7285673505820596e+09,"_runtime":6.216797678,"_step":45,"train_acc":0.45703125}