{"val_mse":10.758883126583386,"train_rmse":1.3303636664824436,"_timestamp":1.7288227525080776e+09,"val_loss":10.758883126583386,"train_mse":1.7698674850966107,"_wandb":{"runtime":27},"train_acc":0.9803688699706764,"train_mae":1.0144037750683168,"val_rmse":3.280073646518228,"val_mae":1.6131654112496003,"val_acc":0.8784101846100514,"_step":3039,"_runtime":27.833736034,"train_loss":1.7698674850966107}