{"_timestamp":1.728726229939259e+09,"_wandb":{"runtime":7},"_runtime":7.077129156,"_step":26,"train_acc":0.8333333333333334,"train_loss":NaN,"val_acc":0.8333333333333334,"val_loss":NaN}