{"_wandb":{"runtime":460},"train_loss":0.20925378140743542,"val_acc":0.6145833333333334,"val_loss":1.9064452084484298,"_timestamp":1.7285595368926039e+09,"_runtime":460.681112064,"_step":3999,"train_acc":0.9196428571428571}