{"_timestamp":1.7288267224050858e+09,"val_loss":5.849078956275479,"val_rmse":2.4184869146380508,"_runtime":872.00878529,"val_mse":5.849078956275479,"train_acc":0.9196340345381182,"val_mae":1.412133888746532,"val_acc":0.933897559614014,"train_mae":1.4259860134777036,"_wandb":{"runtime":872},"train_mse":7.245487598875753,"train_rmse":2.691744341291675,"train_loss":7.245487598875753,"_step":4999}