{"val_mae":2.179610298825583,"val_rmse":6.522129329867298,"train_rmse":7.209419372337755,"val_mse":42.53817099551526,"train_acc":0.4234922799762181,"train_mse":51.97572768623891,"_timestamp":1.7288267518215103e+09,"_step":1999,"_runtime":14.91665385,"val_acc":0.5192615908624278,"train_loss":51.97572768623891,"_wandb":{"runtime":14},"val_loss":42.53817099551526,"train_mae":2.2304673820724683}