{"val_acc":0.888888888888889,"val_loss":6.8964089425810995,"_timestamp":1.7288173387729988e+09,"_wandb":{"runtime":67},"_runtime":66.879910621,"_step":329,"train_acc":0.9983258928571429,"train_loss":0.011756977237686166}