{"val_acc":0.9021407466460201,"val_loss":8.65908272262431,"_timestamp":1.7287262200708988e+09,"_runtime":158.200744194,"_step":1999,"train_acc":0.968501562749703,"_wandb":{"runtime":158},"train_loss":2.8397784456311936}