{"train_rmse":1.9748657984146032,"val_rmse":3.116941781516255,"_step":1294,"_runtime":3.5804016880000002,"val_acc":0.8902037795811638,"val_mse":9.715326069361726,"train_mae":1.2342245523946889,"val_loss":9.715326069361726,"val_mae":1.545271574376488,"_wandb":{"runtime":3},"_timestamp":1.728822873455043e+09,"train_acc":0.9567406762482246,"train_mse":3.9000949217477485,"train_loss":3.9000949217477485}