{"_step":1808,"val_precision":0.3528187259894577,"train_loss":0.05517472776920744,"train_precision":0.5597522696397901,"val_loss":0.08691915233456632,"val_recall":0.36967418546365916,"train_recall":0.41507192741845095,"train_acc":0.7790178571428571,"_wandb":{"runtime":19},"train_f1":0.4766755977895758,"_runtime":19.864550079,"val_acc":0.625,"val_f1":0.3610498402929792,"_timestamp":1.728816136645072e+09}