{"train_acc":0.44419642857142855,"train_loss":1.5077325578348368,"val_acc":0.4479166666666667,"val_loss":1.4284139682549233,"_timestamp":1.728583832693417e+09,"_runtime":36.979557353,"_step":99,"_wandb":{"runtime":37}}