{"val_loss":11.606941028137758,"val_mse":11.606941028137758,"train_mae":1.4805540810359559,"_timestamp":1.7288222608721664e+09,"train_acc":0.882332480497645,"_runtime":29.032330295,"val_rmse":3.4068960988174792,"train_loss":10.32177924188346,"val_mae":1.5809096075433702,"train_mse":10.32177924188346,"train_rmse":3.2127525958099326,"_wandb":{"runtime":29},"_step":3999,"val_acc":0.8688259924149337}