{"_runtime":778.727232901,"val_acc":0.763888888888889,"train_acc":0.8608630952380951,"test report":"\n                ================Test set metrics======================\n\n\n                accuracy ::0.847953216374269\n\n                precision :0.2985310734463277\n\n                recall::0.2499277943583325\n\n                F1-score::0.2720758733741166\n\n\n                ======================================================\")\n        ","val_loss":8.15509159707932,"_timestamp":1.7288224832439587e+09,"_wandb":{"runtime":778},"train_loss":4.805674663545723,"_step":1903}