{"train_acc":0.50390625,"train_loss":1.303202880992402,"_wandb":{"runtime":5},"val_acc":0.5729166666666666,"val_loss":1.3138407156149066,"_timestamp":1.728493537216644e+09,"_runtime":5.290603135,"_step":84}