{"_runtime":26.592137412,"val_loss":1.3144289910669182,"val_acc":0.46875,"val_f1":0.25999210607355233,"_timestamp":1.7288297981996193e+09,"_wandb":{"runtime":26},"train_loss":1.3244443079406811,"train_recall":0.20006822171430638,"val_recall":0.2362155388471178,"_step":999,"train_f1":0.1951766674612956,"train_acc":0.48549107142857145,"train_precision":0.19051859612362496,"val_precision":0.28909090909090907}