{"val_loss":0.08077342567360137,"train_acc":0.7265625,"train_f1":0.367357540075399,"_timestamp":1.7288418173272767e+09,"train_recall":0.37703269340368006,"val_recall":0.41152882205513786,"_step":1232,"_wandb":{"runtime":14},"_runtime":13.991853023000001,"val_acc":0.6666666666666666,"train_precision":0.3581665175591345,"val_precision":0.38099099099099093,"train_loss":0.06574949412362488,"val_f1":0.3956715558529922}