{"_timestamp":1.7284931475996654e+09,"_runtime":107.63222363,"_step":73,"_wandb":{"runtime":108},"train_acc":0.5636160714285714,"train_loss":0.09186645561204747,"val_acc":0.59375,"val_loss":0.08691259144026443}