{"_step":546,"train_acc":0.9931175595238099,"train_loss":0.1711623907750547,"val_acc":0.890625,"val_loss":7.121968117017061,"_wandb":{"runtime":14},"_timestamp":1.728819753309832e+09,"_runtime":14.186201543}