{"val_acc":0.59375,"val_loss":1.774802253255156,"_timestamp":1.728558182011899e+09,"_runtime":792.139915732,"_step":4999,"train_acc":0.91796875,"train_loss":0.2274149088871936,"_wandb":{"runtime":792}}