{"val_acc":0.8784722222222223,"val_loss":0.07843705845640626,"_timestamp":1.728818563611471e+09,"_wandb":{"runtime":47},"_runtime":47.956904505,"_step":2999,"train_acc":0.8782552083333334,"train_loss":0.08563000963067992}