{"val_f1":0.06410810188184815,"train_hamming_loss":0.34619140625,"val_precision":0.04477124183006536,"val_hamming_loss":0.3372395833333333,"train_precision":0.07319268635724333,"_timestamp":1.7288436617611685e+09,"train_loss":0.6321380404805191,"train_acc":0.65380859375,"train_f1":0.09443874125809903,"val_recall":0.11284722222222222,"val_acc":0.6627604166666666,"_runtime":19.907387982,"_wandb":{"runtime":19},"_step":2351,"train_recall":0.13306397306397308,"val_loss":0.6441773523538815}