{"val_recall":0.3720551378446115,"val_precision":0.3873767514270887,"train_recall":0.31901404002624706,"train_acc":0.6540178571428571,"_runtime":38.921351339,"val_loss":0.8884990023695254,"train_f1":0.31673802268114415,"train_loss":0.8653232097001216,"val_acc":0.65625,"train_precision":0.31449425192964947,"val_f1":0.3795613871000875,"_timestamp":1.7288290951864088e+09,"_step":999,"_wandb":{"runtime":38}}