{"_runtime":104.005299483,"val_rmse":2.199577856151102,"val_loss":4.838142745270279,"_timestamp":1.7288283649521582e+09,"val_mse":4.838142745270279,"train_loss":1.7017940054699232,"_wandb":{"runtime":104},"val_acc":0.9453224952528652,"train_mae":0.971882704636834,"train_mse":1.7017940054699232,"train_acc":0.9811239317712649,"train_rmse":1.3045282693257065,"val_mae":1.3192008733764589,"_step":1148}