{"train_loss":0.10758287203584592,"val_acc":0.4375,"val_loss":0.10590203372712727,"_timestamp":1.728552492677949e+09,"_runtime":23.725285144,"_step":999,"_wandb":{"runtime":23},"train_acc":0.4263392857142857}