{"_timestamp":1.7288209804581058e+09,"val_acc":0.8854166666666666,"train_loss":0.02852836524713187,"val_loss":7.097054478240363,"_runtime":206.575204964,"train_acc":0.9996279761904762,"test report":"\n                ================Test set metrics======================\n\n\n                accuracy ::0.8757309941520468\n\n                precision :0.4189361702127659\n\n                recall::0.2656782516607298\n\n                F1-score::0.32515303710658955\n\n\n                ======================================================\")\n        ","_wandb":{"runtime":206},"_step":561}