{"train_acc":0.8872767857142857,"train_loss":0.27897184015368326,"val_acc":0.6354166666666666,"val_loss":1.6774379143455305,"_wandb":{"runtime":2161},"_timestamp":1.7285617591261022e+09,"_runtime":2161.116677463,"_step":4999}