{"_runtime":1427.588939813,"_wandb":{"runtime":1427},"_step":4999,"train_acc":0.5872395833333334,"train_loss":1.9567449103885888,"val_acc":0.3854166666666667,"val_loss":2.655713487888447,"_timestamp":1.728557380686736e+09}