{"val_loss":0.12169499368467161,"_timestamp":1.7284167685892978e+09,"_wandb":{"runtime":19},"_runtime":19.024479557,"_step":56,"train_acc":0.5755555555555556,"train_loss":0.10055199023614853,"val_acc":0.5208333333333334}