{"val_loss":0.31872781589511306,"val_precision":0.19496106275767294,"_runtime":23.761061034,"val_f1":0.21376829792577395,"train_acc":0.490234375,"_timestamp":1.7288249392967596e+09,"_wandb":{"runtime":23},"train_loss":0.32840393411683655,"train_f1":0.1790808438901444,"val_acc":0.5,"train_recall":0.19957631970685905,"val_recall":0.23659147869674185,"_step":3999,"train_precision":0.16240289069557362}