{"_step":699,"train_acc":0.416015625,"train_loss":0.12391548138882391,"val_acc":0.4375,"val_loss":0.12150717365587749,"_timestamp":1.728552741919403e+09,"_wandb":{"runtime":66},"_runtime":66.067414956}