{"_step":4999,"_wandb":{"runtime":24},"train_acc":0.7424137770446974,"train_loss":23.222987160517718,"val_acc":0.8582737431902921,"val_loss":12.540657522125334,"_timestamp":1.7287257867928498e+09,"_runtime":24.074352063}