{"_step":84,"_wandb":{"runtime":24},"train_acc":0.4934895833333333,"train_loss":3.040523139078936,"val_acc":0.4583333333333333,"val_loss":4.152129244801098,"_timestamp":1.7284950880313342e+09,"_runtime":23.939045453}