{"train_mse":2.7212932516451254,"_step":1021,"train_acc":0.9698157844466812,"val_mse":6.841720435409442,"train_rmse":1.649634278149289,"val_mae":1.4569908279407282,"train_loss":2.7212932516451254,"val_acc":0.9226793789928224,"_runtime":96.701973098,"train_mae":1.0882508717795663,"val_loss":6.841720435409442,"_wandb":{"runtime":96},"val_rmse":2.6156682579045536,"_timestamp":1.7288282559373593e+09}