{"train_f1":0.2066155177001793,"val_loss":1.6208234439477263,"train_recall":0.2078272200820681,"train_precision":0.20541786267985332,"train_loss":1.5478859966620824,"_runtime":19.474365661,"val_recall":0.181203007518797,"val_acc":0.3854166666666667,"_timestamp":1.728829897827399e+09,"val_f1":0.18559447377771168,"train_acc":0.46205357142857145,"_step":999,"_wandb":{"runtime":19},"val_precision":0.19020408163265307}