{"val_loss":0.08544723731853025,"_step":1605,"_timestamp":1.7288162750848522e+09,"_runtime":17.715398829,"val_recall":0.39536340852130325,"train_f1":0.46678335816017297,"val_acc":0.65625,"val_precision":0.3861207897793264,"_wandb":{"runtime":17},"val_f1":0.3906874428940557,"train_loss":0.06091325287932324,"train_recall":0.38865035063150205,"train_acc":0.7388392857142857,"train_precision":0.5842363392817755}