{"_timestamp":1.7288288100410414e+09,"train_loss":1.7257055748346575,"val_recall":0.16015037593984963,"train_acc":0.3841145833333333,"_wandb":{"runtime":13},"val_loss":1.8062299268326907,"train_f1":0.20313436413495992,"train_precision":0.1915361792640895,"_runtime":13.072670276,"val_f1":0.17284240861519792,"_step":999,"val_acc":0.3229166666666667,"train_recall":0.21622770729913585,"val_precision":0.18771929824561404}