{"_timestamp":1.728822850758199e+09,"val_mae":1.436361737607316,"_runtime":2.85679647,"train_acc":0.9448578881274919,"_step":999,"_wandb":{"runtime":2},"val_mse":6.457821052669728,"val_acc":0.9270179571264859,"train_rmse":2.229664006280771,"train_loss":4.971401580904019,"val_loss":6.457821052669728,"val_rmse":2.54122432159574,"train_mae":1.3117547614664347,"train_mse":4.971401580904019}