{"val_acc":0.6458333333333334,"val_loss":0.11037865645508592,"_step":3999,"train_precision":0.9529654571027333,"train_loss":0.008315616352186177,"train_acc":0.9709821428571429,"train_recall":0.8242926478106763,"_wandb":{"runtime":46},"_timestamp":1.7287424020997798e+09,"_runtime":46.135673974,"val_precision":0.6088461538461538,"val_f1":0.6153797720639311,"val_recall":0.6220551378446115,"train_f1":0.8839711212858361}