{"train_recall":0.4148950969603144,"train_precision":0.5614183959034773,"_timestamp":1.7288299137154768e+09,"val_recall":0.3266917293233083,"_step":600,"val_acc":0.5625,"_runtime":9.194155663,"train_acc":0.8020833333333334,"val_loss":1.1237505823923792,"val_f1":0.3188130113015148,"train_f1":0.47716177540562593,"val_precision":0.3113053613053613,"train_loss":0.588985483569994,"_wandb":{"runtime":9}}