{"train_precision":0.3116024187452759,"_wandb":{"runtime":15},"train_recall":0.3038746942537539,"train_acc":0.6171875,"val_acc":0.6041666666666666,"_timestamp":1.7287643224830692e+09,"val_loss":0.08498395449046803,"val_f1":0.36222177317209475,"train_f1":0.3076900431392651,"_runtime":15.1014841,"val_precision":0.3538014830697757,"train_loss":0.0866921792990301,"_step":3999,"val_recall":0.37105263157894736}