{"train_loss":NaN,"val_acc":0.8333333333333334,"val_loss":NaN,"_timestamp":1.7287293770359566e+09,"_wandb":{"runtime":37},"_runtime":37.71464707,"_step":999,"train_acc":0.8333333333333333}