{"_runtime":35.703192669,"_wandb":{"runtime":35},"_step":2999,"train_acc":0.9222005208333334,"train_loss":0.6641796014500427,"val_acc":0.8836805555555557,"val_loss":4.251725592110129,"_timestamp":1.7287355708132744e+09}