{"train_acc":0.8169642857142857,"train_loss":0.4845536526042217,"val_acc":0.53125,"val_loss":1.548926751932023,"_timestamp":1.7285595919314837e+09,"_wandb":{"runtime":47},"_runtime":47.00972104,"_step":2999}