{"train_precision":0.28883440289763707,"_wandb":{"runtime":32},"val_f1":0.38656974019006296,"train_acc":0.6104910714285714,"val_loss":0.881606445167479,"val_precision":0.40388669301712776,"_step":999,"train_f1":0.2860631077351469,"val_recall":0.37067669172932327,"_timestamp":1.728829268313906e+09,"train_loss":0.9351525254201513,"val_acc":0.6770833333333334,"_runtime":32.293407729,"train_recall":0.28334448696776454}