{"train_acc":0.4992559523809524,"val_loss":5.860153115587942e+304,"_timestamp":1.728821194701121e+09,"train_loss":2.084558385132994e+302,"val_acc":0.4375,"_runtime":193.031386152,"test report":"\n                ================Test set metrics======================\n\n\n                accuracy ::0.685672514619883\n\n                precision :0.13185185185185183\n\n                recall::0.07851481017939091\n\n                F1-score::0.09842170826869741\n\n\n                ======================================================\")\n        ","_wandb":{"runtime":193},"_step":30}