{"_timestamp":1.7283436075071306e+09,"_runtime":67.563001246,"_step":175,"_wandb":{"runtime":67},"train_acc":0.7133333333333334,"train_loss":0.06535940289591476,"val_acc":0.5104166666666666,"val_loss":0.13425348170461981}