{"train_acc":0.4973958333333333,"_timestamp":1.7288207594297574e+09,"train_loss":Infinity,"_runtime":86.556698286,"val_loss":NaN,"val_acc":0.8333333333333334,"test report":"\n                ================Test set metrics======================\n\n\n                accuracy ::0.5935672514619883\n\n                precision :0.19666666666666668\n\n                recall::0.045473508552357114\n\n                F1-score::0.07386732367349517\n\n\n                ======================================================\")\n        ","_wandb":{"runtime":86},"_step":160}