{"_timestamp":1.728583904234238e+09,"_runtime":36.728041363,"_step":99,"train_acc":0.45089285714285715,"train_loss":1.3108585477760093,"val_acc":0.5104166666666666,"_wandb":{"runtime":36},"val_loss":1.2733843573012538}