{"_runtime":93.295996663,"val_mse":8.538884350187388,"_timestamp":1.7288285940161226e+09,"train_mae":1.092179891758599,"val_mae":1.4564575708751093,"train_mse":2.0102359257178364,"val_loss":8.538884350187388,"_step":1999,"val_acc":0.9034991495343893,"val_rmse":2.9221369492526166,"train_rmse":1.417827890019743,"train_loss":2.0102359257178364,"train_acc":0.9777027358377453,"_wandb":{"runtime":93}}