{"val_mae":1.6429660346591308,"_step":999,"_timestamp":1.7288291284112182e+09,"train_mae":1.8591752157654804,"_wandb":{"runtime":44},"train_loss":23.22351989329516,"val_loss":12.572983008900609,"_runtime":44.243391062,"train_rmse":4.819078739063635,"train_mse":23.22351989329516,"val_rmse":3.54584024018294,"train_acc":0.742407868045005,"val_mse":12.572983008900609,"val_acc":0.8579084218160238}