{"val_acc":0,"val_loss":NaN,"_timestamp":1.7285737485068367e+09,"_runtime":16.061755952,"_step":116,"train_acc":0.0078125,"train_loss":NaN,"_wandb":{"runtime":16}}