{"val_loss":0.14572056564493815,"_runtime":10.17259199,"test report":"\n                ================Test set metrics======================\n\n\n                accuracy ::0.8611111111111112\n\n                precision :0.29424860853432283\n\n                recall::0.2495940438368473\n\n                F1-score::0.2700880476264035\n\n\n                ======================================================\")\n        ","_timestamp":1.7288205671185124e+09,"val_acc":0.8663194444444443,"train_loss":0.02068302982224979,"_step":546,"_wandb":{"runtime":10},"train_acc":0.9838169642857142}