{"train_recall":0.6449842631105039,"train_loss":0.4756973663110998,"_runtime":134.116573972,"_step":623,"_wandb":{"runtime":134},"val_f1":0.38350693269417024,"_timestamp":1.728844754076145e+09,"val_loss":1.0291208888652041,"train_precision":0.8841515294604538,"val_precision":0.38071428571428567,"train_f1":0.7458642005211102,"val_recall":0.3863408521303258,"val_acc":0.6354166666666666,"train_acc":0.8515625}