{"_wandb":{"runtime":34},"val_loss":NaN,"_timestamp":1.728594834762222e+09,"_runtime":34.206510805,"_step":83,"train_acc":0.006696428571428571,"train_loss":NaN,"val_acc":0}