{"val_acc":0.8682489650863543,"train_mse":2.26673757097199,"train_acc":0.9748576543877943,"_step":1976,"train_rmse":1.5055688529496052,"_timestamp":1.7288299858028426e+09,"val_rmse":3.4143812515230834,"val_loss":11.657999330752338,"val_mse":11.657999330752338,"_runtime":7.902978533,"_wandb":{"runtime":7},"val_mae":1.6017511386227472,"train_loss":2.26673757097199,"train_mae":1.0663917211995046}