{"_step":154,"train_acc":0.20703125,"train_loss":3.246342570183588,"val_acc":0.21875,"val_loss":3.0174374576673295,"_timestamp":1.7285678531571712e+09,"_wandb":{"runtime":25},"_runtime":25.644225436}