{"val_mse":9.947645295704204,"val_acc":0.8875782606020867,"val_loss":9.947645295704204,"_wandb":{"runtime":76},"_runtime":76.840911239,"train_rmse":0.8804018845645276,"train_mse":0.7751074783447718,"_step":2182,"train_mae":0.7948636848959091,"val_mae":1.5917068927814237,"train_loss":0.7751074783447718,"val_rmse":3.1539887913092213,"_timestamp":1.728825594080352e+09,"train_acc":0.991402613007913}