{"_runtime":53.313912089,"_step":4999,"train_acc":0.7705078125,"train_loss":0.4743196824756282,"val_acc":0.5768229166666666,"val_loss":0.9986305822129452,"_wandb":{"runtime":53},"_timestamp":1.728725163717214e+09}