{"train_acc":0.853515625,"train_loss":1.063870746285634,"val_acc":0.8576388888888888,"val_loss":1.5870137288623667,"_timestamp":1.728727846529532e+09,"_wandb":{"runtime":1106},"_runtime":1106.835545975,"_step":2999}