{"train_loss":0.01333936924419051,"val_acc":0.8871527777777778,"_wandb":{"runtime":186},"val_loss":6.749134173541037,"_timestamp":1.728818755463097e+09,"_runtime":186.475185767,"_step":516,"train_acc":0.9992559523809524}