{"_wandb":{"runtime":26},"train_loss":NaN,"val_acc":0,"val_loss":NaN,"_timestamp":1.7284964092917771e+09,"_runtime":26.46663129,"_step":99,"train_acc":0.0078125}