{"_timestamp":1.7288195374529846e+09,"_runtime":11.152767503,"_step":1085,"_wandb":{"runtime":11},"train_acc":0.9267113095238094,"train_loss":0.05971763052625145,"val_acc":0.8819444444444445,"val_loss":0.09328820228069486}