{"train_loss":0.020421070713130703,"_runtime":197.656162027,"val_acc":0.8784722222222223,"train_acc":0.9986979166666667,"_step":538,"val_loss":7.831935818877832,"test report":"\n                ================Test set metrics======================\n\n\n                accuracy ::0.8538011695906432\n\n                precision :0.37212825933756166\n\n                recall::0.24436956451975228\n\n                F1-score::0.2950110029937765\n\n\n                ======================================================\")\n        ","_wandb":{"runtime":197},"_timestamp":1.7288216798884177e+09}