{"train_rmse":3.1723661908033605,"_wandb":{"runtime":29},"_runtime":29.446745754,"val_loss":10.909074284748819,"train_acc":0.8852115146375966,"val_mse":10.909074284748819,"val_rmse":3.302888778743362,"train_mse":10.063907248552225,"train_mae":1.4524366086715557,"val_mae":1.6054677477819768,"_step":3999,"train_loss":10.063907248552225,"_timestamp":1.728821867387253e+09,"val_acc":0.876712822999215}