{"_timestamp":1.7287645721866035e+09,"val_acc":0.6666666666666666,"_runtime":19.274487063,"val_f1":0.3777102796741781,"_wandb":{"runtime":19},"val_recall":0.38721804511278196,"train_precision":0.6437625079649393,"val_precision":0.3686582325237787,"train_recall":0.44867214814420237,"train_f1":0.5287974081160449,"train_acc":0.7276785714285714,"_step":1759,"train_loss":0.06339040603686999,"val_loss":0.07631656770620927}