{"val_loss":0.15969405943451287,"_timestamp":1.7284924017355695e+09,"_runtime":3.232475655,"_step":10,"train_acc":0.3606770833333333,"_wandb":{"runtime":3},"train_loss":0.18187918192093708,"val_acc":0.4270833333333333}