{"_timestamp":1.7287425329333248e+09,"val_acc":0.59375,"_runtime":44.034815705,"train_hamming_loss":0.23258463541666666,"train_f1":0.3463467369166782,"val_precision":0.1097470238095238,"train_loss":0.47196824954243266,"train_acc":0.7674153645833334,"_wandb":{"runtime":44},"train_recall":0.33879690714156857,"val_hamming_loss":0.40625,"val_loss":0.938128285346146,"val_f1":0.12030616150236985,"_step":4999,"train_precision":0.3542407202468098,"val_recall":0.13311346463520377}