{"val_f1":0.34640306506429897,"_wandb":{"runtime":35},"train_f1":0.36759545531553217,"train_precision":0.3559304655088101,"val_recall":0.3510025062656642,"train_loss":0.7468278654857065,"_runtime":35.429356402,"train_recall":0.38005095126820704,"val_acc":0.6145833333333334,"train_acc":0.734375,"val_precision":0.3419226044226044,"_step":999,"_timestamp":1.728828853433652e+09,"val_loss":1.0688204289382421}