{"_timestamp":1.7284948274858387e+09,"_runtime":10.23456666,"_step":37,"train_acc":0.4739583333333333,"train_loss":0.12351899338857779,"_wandb":{"runtime":10},"val_acc":0.4791666666666667,"val_loss":0.13815382565588044}