{"train_acc":0.9666002812649377,"train_loss":3.0111907013126578,"val_acc":0.8971002808716317,"val_loss":9.105088681234157,"_timestamp":1.7287274188858235e+09,"_runtime":272.951949114,"_wandb":{"runtime":272},"_step":1999}