{"val_loss":1.9221063706361001,"_timestamp":1.728559070787565e+09,"_runtime":880.092796285,"_step":4999,"train_acc":0.8515625,"train_loss":0.3650298825127615,"_wandb":{"runtime":880},"val_acc":0.5416666666666666}