{"train_acc":0.4244791666666667,"_wandb":{"runtime":4},"train_loss":0.14243623633719563,"val_acc":0.4166666666666667,"val_loss":0.15468155004359466,"_timestamp":1.728574335425504e+09,"_runtime":4.166700608,"_step":23}