{"val_f1":0.11343283582089553,"val_precision":0.07916666666666666,"train_acc":0.4877232142857143,"train_precision":0.24604278847891292,"train_f1":0.22062860907961934,"_timestamp":1.728828256546974e+09,"_runtime":0.689331409,"train_recall":0.19997305142128075,"val_loss":6.955806316771859,"_wandb":{"runtime":14},"val_recall":0.2,"train_loss":0.8295204754055252,"val_acc":0.3958333333333333,"_step":2}