{"_timestamp":1.728727701850515e+09,"_runtime":276.378665308,"_step":2999,"_wandb":{"runtime":276},"train_acc":0.9969494967615901,"train_loss":0.27502168681980893,"val_acc":0.8416347944213457,"val_loss":14.012956041373696}