{"train_loss":NaN,"val_acc":0,"val_loss":NaN,"_timestamp":1.728496862735241e+09,"_runtime":33.916002915,"_step":140,"_wandb":{"runtime":34},"train_acc":0.0078125}