{"_timestamp":1.7290183015506186e+09,"val_acc":0.6770833333333334,"train_loss":0.08064591393432212,"_step":394,"val_recall":0.3944862155388471,"val_loss":0.07588925520447365,"val_f1":0.3992699288697564,"train_recall":0.32227256771922536,"train_acc":0.6551339285714286,"_wandb":{"runtime":4},"_runtime":4.967695416,"train_precision":0.3216500677149055,"val_precision":0.40417108518911277,"train_f1":0.3219610168220246}