{"train_loss":13.873298485789164,"val_acc":0.8931555115838091,"val_loss":9.454141861329099,"_timestamp":1.7287259920658605e+09,"_runtime":11.72542087,"_wandb":{"runtime":11},"_step":3999,"train_acc":0.8461192553660145}