{"_step":398,"train_acc":0.15234375,"_wandb":{"runtime":55},"train_loss":11.597093629860408,"val_acc":0.19791666666666666,"val_loss":11.884020775873656,"_timestamp":1.7285677171794665e+09,"_runtime":54.96355642}