{"train_mse":2.4421141673824183,"train_loss":2.4421141673824183,"train_rmse":1.5627265171431686,"_step":886,"_timestamp":1.7288287010655298e+09,"val_acc":0.8848938066577648,"train_acc":0.9729124009734996,"val_rmse":3.191422784037726,"train_mae":1.0375001537146755,"val_mae":1.5483578846570687,"val_loss":10.185179386475111,"_wandb":{"runtime":79},"_runtime":78.974371356,"val_mse":10.185179386475111}