{"_runtime":39.0414767,"val_acc":0.4166666666666667,"train_loss":1.2094464764361053,"val_f1":0.167581174701999,"_step":999,"_timestamp":1.7288282109942498e+09,"val_loss":1.2071958020196016,"train_f1":0.18493057765660154,"train_precision":0.16822779642565544,"train_recall":0.20531569345772216,"val_recall":0.19398496240601504,"_wandb":{"runtime":39},"train_acc":0.5122767857142857,"val_precision":0.14750402576489532}