{"_step":999,"train_loss":0.9001135689880385,"val_precision":0.44118423222826986,"_timestamp":1.728829627513839e+09,"train_acc":0.6584821428571429,"train_recall":0.32183140887322975,"val_recall":0.39210526315789473,"train_f1":0.3251089953490706,"val_loss":0.8077830611891317,"_wandb":{"runtime":41},"_runtime":41.430725398,"val_f1":0.4151994245380756,"val_acc":0.6979166666666666,"train_precision":0.3284540277153784}