{"train_acc":0.5970982142857143,"val_acc":0.71875,"train_loss":0.9824315282086628,"val_loss":0.8929089279965461,"train_f1":0.27994627014546486,"_step":999,"train_recall":0.2789301495226313,"train_precision":0.2809698211317402,"_wandb":{"runtime":19},"val_recall":0.4150375939849624,"_runtime":19.242634137,"val_precision":0.4238095238095238,"val_f1":0.4193776943104699,"_timestamp":1.7288298705934987e+09}