{"val_acc":0.53125,"val_loss":0.11369886369336198,"_timestamp":1.7284200147134063e+09,"_runtime":2877.860029221,"_step":9999,"_wandb":{"runtime":2877},"train_acc":0.95703125,"train_loss":0.015099465352961035}