{"train_acc":0.5234375,"val_loss":0.45737821891404984,"train_f1":0.19338093148817076,"val_acc":0.5729166666666666,"_step":2128,"train_precision":0.17642195767195767,"train_recall":0.21394709721745106,"_runtime":81.803837037,"_timestamp":1.728824535959597e+09,"val_f1":0.2559478351259043,"train_loss":0.30599453068473625,"val_precision":0.2386569872958258,"val_recall":0.27593984962406015,"_wandb":{"runtime":81}}