{"_timestamp":1.72849682104097e+09,"_runtime":36.867719875,"_wandb":{"runtime":36},"_step":148,"train_acc":0.3854166666666667,"train_loss":6.772583455664221,"val_acc":0.4479166666666667,"val_loss":12.546836528347484}