{"val_loss":1.1722860123202048,"_timestamp":1.728594019577066e+09,"_runtime":35.93208849,"_step":99,"train_acc":0.5,"train_loss":1.3182498978299455,"_wandb":{"runtime":35},"val_acc":0.4791666666666667}