{"val_f1":0.23934932374830076,"train_f1":0.19856111976117313,"val_loss":1.1025623343560598,"_runtime":554.091562978,"train_acc":0.546875,"_wandb":{"runtime":554},"train_loss":1.1851814875091968,"_step":1999,"val_acc":0.5625,"val_recall":0.2656641604010025,"train_precision":0.1795235409448607,"train_recall":0.22211534791404253,"_timestamp":1.7288258710610526e+09,"val_precision":0.2177777777777778}