{"_step":289,"train_acc":0.966889880952381,"train_loss":NaN,"val_acc":0.875,"val_loss":NaN,"_wandb":{"runtime":23},"_timestamp":1.7287261885243807e+09,"_runtime":23.875785637}