{"_step":4999,"train_acc":0.875,"train_loss":0.0847980911881812,"val_acc":0.875,"_wandb":{"runtime":99},"val_loss":0.08330756153584341,"_timestamp":1.7287331655263956e+09,"_runtime":99.982702675}