{"train_acc":0.006696428571428571,"train_loss":NaN,"val_acc":0,"val_loss":NaN,"_timestamp":1.7284930278975084e+09,"_runtime":73.09163278,"_step":999,"_wandb":{"runtime":73}}