{"_timestamp":1.728824047740663e+09,"train_loss":0.290489136665941,"train_acc":0.5546875,"train_f1":0.2013270868718175,"val_precision":0.24747696358051777,"train_precision":0.1829647393196554,"val_loss":0.27096969565491386,"val_recall":0.2977443609022556,"train_recall":0.22378628628628627,"val_acc":0.625,"val_f1":0.2702934278266299,"_wandb":{"runtime":28},"_runtime":28.533809227,"_step":2999}