{"train_loss":9.204677822747833,"val_loss":9.655234277824688,"_wandb":{"runtime":24},"_runtime":24.989758925,"val_rmse":3.1072872860140706,"val_acc":0.8908828974555263,"_step":4999,"train_acc":0.89790296237544,"_timestamp":1.7288227871052725e+09,"train_mae":1.5075939370221114,"train_rmse":3.0339211958697665,"val_mse":9.655234277824688,"train_mse":9.204677822747833,"val_mae":1.5114088319219439}