{"train_precision":0.2854799490417636,"_timestamp":1.7288287083517566e+09,"train_recall":0.2775995767670945,"train_acc":0.5904017857142857,"val_precision":0.4061594202898551,"_step":999,"train_f1":0.2814846194794411,"_runtime":8.76329341,"val_acc":0.6979166666666666,"train_loss":1.0059483583283177,"val_loss":0.9610084641889144,"val_recall":0.3926065162907268,"_wandb":{"runtime":8},"val_f1":0.39926799017317444}