{"val_hamming_loss":0.37890625,"_timestamp":1.728818387111204e+09,"val_precision":0.10883127289377288,"train_hamming_loss":0.30126953125,"val_acc":0.62109375,"train_recall":0.24830883291853248,"_wandb":{"runtime":11},"train_acc":0.69873046875,"_step":529,"val_recall":0.10404473244147157,"train_f1":0.24803107200704377,"train_loss":0.5741359913584144,"val_loss":0.7103417673759681,"train_precision":0.24775393181385497,"_runtime":11.00541055,"val_f1":0.10638418972269817}