{"val_acc":0.5833333333333334,"_wandb":{"runtime":20},"train_loss":0.09418989418547781,"val_precision":0.23200000000000004,"train_acc":0.5647321428571429,"_timestamp":1.7288280698287082e+09,"val_recall":0.2781954887218045,"val_f1":0.25300636642301344,"_step":999,"train_recall":0.22807993315831887,"val_loss":0.09176733692869526,"train_f1":0.20522558868340532,"train_precision":0.1865342550677849,"_runtime":20.458397272}