{"train_mse":1.781668007252553,"train_acc":0.9802379801798825,"_step":1887,"train_rmse":1.334791372182392,"_wandb":{"runtime":6},"val_mae":1.5981435040892567,"train_mae":1.0075520645165075,"train_loss":1.781668007252553,"val_loss":10.434118566429774,"_timestamp":1.7288225986925757e+09,"val_rmse":3.2301886270665023,"val_acc":0.8820804599025404,"_runtime":6.661592669,"val_mse":10.434118566429774}