{"val_f1":0.1872644717733782,"val_loss":0.32364828183032085,"train_acc":0.443359375,"val_recall":0.2092731829573935,"train_recall":0.17920913011947018,"_timestamp":1.7288244148452346e+09,"train_precision":0.14747340044165305,"_step":3999,"train_loss":0.33556984779352605,"_runtime":24.762903072,"val_precision":0.16944444444444445,"val_acc":0.4479166666666667,"_wandb":{"runtime":24},"train_f1":0.16179977401004045}