{"_timestamp":1.7285559489688141e+09,"_wandb":{"runtime":855},"_runtime":855.603688568,"_step":4999,"train_acc":0.9674479166666666,"train_loss":0.13380569010544438,"val_acc":0.6041666666666666,"val_loss":1.9029197496634562}