{"train_loss":0.1260185788956922,"val_acc":0.5208333333333334,"val_loss":0.12559068971155807,"_wandb":{"runtime":6},"_timestamp":1.728343515958354e+09,"_runtime":5.809985795,"_step":16,"train_acc":0.5044444444444446}