{"_step":1376,"val_rmse":3.234345215370491,"val_acc":0.8817767882632636,"train_mse":1.556230331657028,"train_acc":0.9827385042927839,"_wandb":{"runtime":118},"train_loss":1.556230331657028,"val_mae":1.5606844886535647,"_timestamp":1.7288279440665114e+09,"_runtime":118.14818595,"train_rmse":1.2474896118433323,"train_mae":0.9444801347204458,"val_loss":10.460988972189988,"val_mse":10.460988972189988}