{"_runtime":1470.970058739,"_step":4999,"train_acc":0.8333333333333334,"_wandb":{"runtime":1470},"train_loss":0.10844039998286918,"val_acc":0.8333333333333334,"val_loss":0.10598288707877357,"_timestamp":1.728729324787868e+09}