{"val_acc":0.8524305555555557,"_wandb":{"runtime":53},"val_loss":1.9508720544977456,"_timestamp":1.7288198197382634e+09,"_runtime":53.067242126,"_step":102,"train_acc":0.8452380952380951,"train_loss":1.3965623909597369}