{"_runtime":50.009850323,"_step":4999,"_wandb":{"runtime":50},"train_acc":0.7075892857142857,"train_loss":0.5454655299954795,"val_acc":0.60546875,"val_loss":0.8141545930028977,"_timestamp":1.728658442849305e+09}