{"val_mse":NaN,"train_rmse":3.0269218434364566e+60,"val_mae":NaN,"train_mae":1.5979128429040212e+30,"train_acc":-1.0162649881682685e+119,"val_acc":NaN,"val_loss":NaN,"_runtime":1.241883608,"val_rmse":NaN,"_timestamp":1.7288291434023898e+09,"train_loss":9.162255846272756e+120,"train_mse":9.162255846272756e+120,"_wandb":{"runtime":40},"_step":5}