{"val_f1":0.39288472961251797,"_step":999,"train_loss":0.8877223030289402,"val_precision":0.3951948051948052,"val_recall":0.3906015037593985,"train_precision":0.30761505321987737,"_wandb":{"runtime":15},"_runtime":15.356691485,"train_recall":0.31031541745827457,"train_acc":0.640625,"_timestamp":1.7288299358720834e+09,"val_acc":0.6458333333333334,"train_f1":0.3089593350255569,"val_loss":0.8936092722621348}