{"val_acc":0.6145833333333334,"val_loss":0.09783258740101769,"_timestamp":1.7284997475509572e+09,"_runtime":2748.867972711,"_step":9999,"train_acc":0.8580729166666666,"_wandb":{"runtime":2748},"train_loss":0.03341290974729141}