{"_wandb":{"runtime":14},"train_recall":0.2919806689657559,"train_f1":0.3018019802873142,"val_precision":0.35683760683760685,"train_precision":0.3123070056411152,"val_acc":0.6354166666666666,"val_loss":0.9340166596054265,"_timestamp":1.7288286162542696e+09,"_runtime":14.181826703,"train_acc":0.6194196428571429,"val_recall":0.3491228070175439,"_step":999,"val_f1":0.35293805290937863,"train_loss":0.940139760066095}