{"train_loss":0.6106832507751377,"val_acc":0.625,"val_loss":1.3990099223159007,"_wandb":{"runtime":137},"_timestamp":1.7285546858485112e+09,"_runtime":137.350468925,"_step":3999,"train_acc":0.736328125}