{"_wandb":{"runtime":49},"train_loss":NaN,"val_acc":0,"val_loss":NaN,"_timestamp":1.728494613515789e+09,"_runtime":49.553463889,"_step":198,"train_acc":0.0078125}