{"train_precision":0.5320411358913927,"_runtime":42.785347606,"train_f1":0.5165442649374584,"val_loss":0.09598949837477173,"val_f1":0.3859257331991884,"train_loss":0.03434703296408277,"train_recall":0.5019246043556278,"_step":3999,"val_recall":0.4015037593984962,"val_precision":0.371511387163561,"_wandb":{"runtime":42},"val_acc":0.6458333333333334,"_timestamp":1.7287641829673471e+09,"train_acc":0.8716517857142857}