{"train_f1":0.42965393264652385,"train_precision":0.5106089229813409,"_runtime":23.427287454000002,"_wandb":{"runtime":23},"val_precision":0.34623519840911143,"val_f1":0.3552690594229165,"val_recall":0.3647869674185464,"train_recall":0.3708561777771762,"train_acc":0.7209821428571429,"val_acc":0.59375,"val_loss":1.034564696758035,"_step":851,"_timestamp":1.7288297260934346e+09,"train_loss":0.726321986113362}