{"train_loss":1.9321969092001852,"val_mae":1.5835561161258713,"val_rmse":3.224189723619774,"train_mse":1.9321969092001852,"_step":1843,"val_loss":10.395399373895355,"train_rmse":1.3900348589874232,"train_mae":1.0145001765463788,"_runtime":7.893601267,"val_acc":0.8825180387308368,"train_acc":0.9785683340215183,"_wandb":{"runtime":7},"val_mse":10.395399373895355,"_timestamp":1.7288288418985567e+09}