{"val_acc":0.4375,"val_loss":1.156085228651455,"_timestamp":1.7285528015374062e+09,"_runtime":19.110861787,"_step":133,"train_acc":0.4263392857142857,"_wandb":{"runtime":19},"train_loss":NaN}