{"val_acc":0.8647380168539281,"_wandb":{"runtime":7},"val_loss":11.968665825104797,"_timestamp":1.7287260051623356e+09,"_runtime":7.884683738,"_step":999,"train_acc":0.9505799877915888,"train_loss":4.455518994071792}