{"_step":9999,"_timestamp":1.7287644146897073e+09,"train_precision":0.3719457732789196,"val_f1":0.33748788260421825,"val_precision":0.3335892710892711,"train_acc":0.7589285714285714,"train_recall":0.379504499896945,"train_loss":0.05988091022347797,"val_loss":0.09229125215090477,"train_f1":0.37568712053409253,"_runtime":76.872361482,"_wandb":{"runtime":76},"val_acc":0.59375,"val_recall":0.3414786967418547}