{"train_f1":0.13136267555609552,"val_loss":0.6450448880328877,"val_f1":0.10787132581297963,"_runtime":18.187533706,"_wandb":{"runtime":18},"train_loss":0.6316801916307679,"train_hamming_loss":0.3440755208333333,"_step":1960,"train_acc":0.6559244791666666,"train_precision":0.11865753899922943,"val_hamming_loss":0.3372395833333333,"_timestamp":1.7288185491270225e+09,"val_acc":0.6627604166666666,"train_recall":0.14711485005089656,"val_precision":0.0921875,"val_recall":0.129985754985755}