{"val_acc":0.625,"_timestamp":1.7288174411009958e+09,"train_loss":0.07221174253517339,"_wandb":{"runtime":13},"val_recall":0.3453634085213032,"val_precision":0.3538501291989664,"val_f1":0.34955526497471556,"train_precision":0.3300021457949465,"train_acc":0.671875,"val_loss":0.08185886691995355,"_step":1160,"train_recall":0.32906797383682124,"train_f1":0.3295343977639858,"_runtime":13.173400018}