{"val_f1":0.41263915252529104,"train_recall":0.3719427022839677,"val_precision":0.4053684453684454,"_timestamp":1.7287647478846323e+09,"_wandb":{"runtime":18},"train_acc":0.734375,"val_loss":0.08191721708346321,"val_acc":0.65625,"_step":1601,"train_f1":0.3643674030529684,"train_precision":0.35709451455458313,"val_recall":0.42017543859649126,"_runtime":18.027115322,"train_loss":0.06285302910329554}