{"train_acc":0.75,"val_precision":0.3806271777003484,"_timestamp":1.7288430650422406e+09,"val_f1":0.39126109401803943,"val_recall":0.40250626566416037,"val_acc":0.6458333333333334,"train_f1":0.5339383249798723,"_wandb":{"runtime":18},"_step":1068,"train_loss":0.6589362610086067,"val_loss":0.9598653831659701,"train_recall":0.4465049155913507,"_runtime":18.107057264,"train_precision":0.66395156008691}