{"train_mse":1.9894007822848256,"val_acc":0.8869383453631093,"train_acc":0.9779338364220304,"val_mse":10.004268239369313,"train_mae":1.0153195734168297,"_timestamp":1.728828492070516e+09,"train_loss":1.9894007822848256,"val_rmse":3.1629524560715914,"_wandb":{"runtime":120},"_runtime":120.014829611,"val_mae":1.5914965280818167,"train_rmse":1.410461194887979,"val_loss":10.004268239369313,"_step":1303}