{"val_mae":1.5348302329492192,"_wandb":{"runtime":123},"train_mse":1.893532115995095,"train_acc":0.9789971986621524,"_runtime":123.898277329,"train_mae":0.9631381361364076,"val_mse":8.25087542188708,"train_rmse":1.3760567270265769,"_step":1377,"_timestamp":1.728830145110444e+09,"train_loss":1.893532115995095,"val_rmse":2.872433710616675,"val_acc":0.906754036868946,"val_loss":8.25087542188708}