{"val_acc":0.625,"train_recall":0.48011581901333455,"_runtime":7.61157893,"_step":562,"val_f1":0.3853519351320046,"train_loss":0.5981619726491351,"train_acc":0.7643229166666666,"train_f1":0.5817302966483114,"train_precision":0.7379046975185809,"_wandb":{"runtime":7},"val_loss":1.52034968947897,"_timestamp":1.7288287511610067e+09,"val_precision":0.38972314507198225,"val_recall":0.381077694235589}