{"train_mse":3.051274135404068e+295,"_step":7,"train_rmse":5.523833936138982e+147,"val_mae":8.394107749910871e+74,"_wandb":{"runtime":54},"val_acc":-5.723497842748355e+297,"train_acc":-4.764996310951047e+293,"val_mse":5.064440978703235e+299,"train_loss":3.051274135404068e+295,"val_loss":5.064440978703235e+299,"train_mae":1.362822980168787e+74,"_runtime":4.219621415,"val_rmse":7.116488585463505e+149,"_timestamp":1.7288446722042234e+09}