{"train_mae":1.0942890471792301,"_wandb":{"runtime":90},"train_acc":0.9756528451663028,"_step":1979,"val_mse":8.847535620071923,"val_loss":8.847535620071923,"val_mae":1.533592434481575,"_timestamp":1.7288233037261705e+09,"train_mse":2.1950462164127496,"train_loss":2.1950462164127496,"_runtime":90.102957358,"val_rmse":2.9744807311650083,"val_acc":0.9000109760424395,"train_rmse":1.4815688362046326}