{"_runtime":27.624440427,"train_precision":0.3015159565679996,"val_f1":0.43462584404877874,"train_acc":0.6116071428571429,"val_loss":0.8493438451706276,"_step":999,"train_recall":0.29089168725635256,"_wandb":{"runtime":27},"train_f1":0.29610855381462275,"_timestamp":1.728829762171329e+09,"val_acc":0.6979166666666666,"val_recall":0.40401002506265665,"val_precision":0.470262246412667,"train_loss":0.9495416576652883}