{"val_acc":-0.0029554241211289245,"train_mae":2.634161767247867,"train_loss":90.26339433342119,"val_rmse":9.420540285183437,"_step":36,"val_loss":88.74657926476404,"train_rmse":9.500704938762238,"val_mae":2.6601724372822555,"train_mse":90.26339433342119,"_wandb":{"runtime":7},"_timestamp":1.7288254979321773e+09,"_runtime":7.675562221,"train_acc":-0.0011893240418385798,"val_mse":88.74657926476404}