{"_runtime":11.742876368,"_step":10,"train_acc":0.006696428571428571,"train_loss":NaN,"val_acc":0,"_wandb":{"runtime":12},"val_loss":NaN,"_timestamp":1.7284927501484215e+09}