{"val_loss":7.655839543880991,"_timestamp":1.7287266436725087e+09,"_runtime":137.682889708,"_step":1233,"train_acc":0.9716427393068124,"train_loss":2.556581999727604,"val_acc":0.9134787406979513,"_wandb":{"runtime":137}}