{"train_acc":0.6640625,"_timestamp":1.7288161081407573e+09,"_wandb":{"runtime":9},"train_recall":0.34374961355202416,"_step":684,"val_acc":0.625,"_runtime":9.284780599,"val_recall":0.3676691729323308,"val_loss":0.07940038888975957,"train_loss":0.07691591119130928,"val_precision":0.36866666666666664,"train_precision":0.398632333521977,"train_f1":0.3691622920993847,"val_f1":0.36816724416095414}