{"val_precision":0.37521215382704803,"train_precision":0.9939577816059444,"train_acc":0.9877232142857143,"val_loss":2.708139461460808,"val_f1":0.39378202636189513,"train_recall":0.9930563617824744,"_runtime":145.560091917,"train_f1":0.9935068672271952,"val_acc":0.625,"_timestamp":1.7288268561951542e+09,"train_loss":0.04578729754073035,"val_recall":0.4142857142857143,"_wandb":{"runtime":145},"_step":241}