{"_runtime":17.419530019,"train_precision":0.31608741090090575,"val_precision":0.364231966787753,"val_f1":0.3552717804121231,"_step":1550,"train_loss":0.07240125105456847,"_timestamp":1.7287647086587198e+09,"train_recall":0.3192410550579537,"val_loss":0.08918115351805644,"train_f1":0.3176564059482151,"val_acc":0.6041666666666666,"_wandb":{"runtime":17},"val_recall":0.3467418546365915,"train_acc":0.6662946428571429}