{"_timestamp":1.7285811699616685e+09,"_runtime":124.91600236,"_step":687,"train_acc":0.6783854166666666,"_wandb":{"runtime":125},"train_loss":0.07636483266793792,"val_acc":0.4791666666666667,"val_loss":0.122234452817427}