{"val_acc":0.8812921757498123,"val_loss":10.503869943570525,"_timestamp":1.7287302194120414e+09,"_runtime":422.654197945,"_step":2999,"train_acc":0.9793691551750126,"_wandb":{"runtime":422},"train_loss":1.859997941599746}