{"train_loss":13.176373349974853,"val_acc":0.8959397414409731,"val_loss":9.20777909208973,"_wandb":{"runtime":505},"_timestamp":1.728729790177822e+09,"_runtime":505.182935183,"_step":2999,"train_acc":0.8538494544216393}