{"train_acc":0.3160865225738695,"train_loss":60.05891783753689,"val_acc":0.42375911181026016,"val_loss":50.98871438293609,"_timestamp":1.728682524150492e+09,"_wandb":{"runtime":3},"_runtime":3.6904914890000002,"_step":692}