{"val_loss":1.9379993474523423,"train_f1":0.5854282660545685,"train_recall":0.5363377302146407,"val_f1":0.40477860833225926,"train_precision":0.644410621639683,"_runtime":9.455834375,"train_loss":0.5291898965609138,"_wandb":{"runtime":9},"val_recall":0.4106516290726817,"_step":557,"val_acc":0.5,"train_acc":0.7924107142857143,"_timestamp":1.7288286705299675e+09,"val_precision":0.3990712074303405}