{"train_precision":0.32324746117084824,"train_loss":0.8994259871100683,"train_f1":0.3116936256159851,"_runtime":33.095979805,"val_acc":0.6458333333333334,"val_recall":0.35488721804511275,"train_acc":0.6439732142857143,"val_loss":0.9647340161581424,"_wandb":{"runtime":33},"_step":999,"_timestamp":1.7288284968610911e+09,"val_f1":0.38177591071732186,"val_precision":0.41307317073170735,"train_recall":0.3009372249416576}