{"train_loss":0.08942182941448731,"val_acc":0.6770833333333334,"val_loss":0.08070429899874655,"_wandb":{"runtime":14},"_timestamp":1.7284926717972608e+09,"_runtime":14.435483283,"_step":999,"train_acc":0.5870535714285714}