{"train_acc":0.18096394883071987,"train_loss":73.84115300143918,"val_acc":0.2376150162081203,"val_loss":67.45968740698547,"_timestamp":1.7287263418668647e+09,"_runtime":100.132189267,"_wandb":{"runtime":100},"_step":999}