{"_timestamp":1.7288293873170593e+09,"_wandb":{"runtime":29},"train_recall":0.16666666666666666,"val_acc":0.4375,"val_f1":0.1217391304347826,"val_precision":0.0875,"train_precision":0.07105654761904762,"_runtime":29.571084565,"val_loss":1.3848225766327704,"val_recall":0.2,"train_f1":0.09963484611371935,"train_acc":0.4263392857142857,"_step":999,"train_loss":1.4008820635986154}