{"_timestamp":1.7284969884845426e+09,"_wandb":{"runtime":2},"_runtime":2.408869926,"_step":7,"train_acc":0.0078125,"train_loss":NaN,"val_acc":0,"val_loss":NaN}