{"val_acc":0.8333333333333334,"val_loss":NaN,"_wandb":{"runtime":31},"_timestamp":1.7288165877078667e+09,"_runtime":31.746973783,"_step":222,"train_acc":0.8333333333333334,"train_loss":NaN}