{"val_acc":0.7606917351461707,"train_mae":1.365407809382709,"val_loss":21.175208174554502,"train_mse":7.356069993579681,"_runtime":3.408659467,"val_mae":1.741300974368054,"_step":1333,"_wandb":{"runtime":3},"train_loss":7.356069993579681,"val_rmse":4.601652765534847,"_timestamp":1.7288290184026322e+09,"train_rmse":2.712207586741782,"val_mse":21.175208174554502,"train_acc":0.9184074696186162}