{"_timestamp":1.728734758241966e+09,"_runtime":47.679172171,"_wandb":{"runtime":47},"_step":3999,"train_acc":0.7998046875,"train_loss":6.914614357992254,"val_acc":0.7777777777777777,"val_loss":7.675354441002618}