{"train_f1":0.1706303930238316,"train_precision":0.15445892589704555,"val_recall":0.21779448621553885,"train_acc":0.4799107142857143,"_step":999,"_runtime":34.539966312,"_wandb":{"runtime":34},"train_loss":1.169075754340087,"val_precision":0.168,"val_acc":0.46875,"val_loss":1.120057939934001,"val_f1":0.18968375646389313,"train_recall":0.1905840736840544,"_timestamp":1.728829138410421e+09}