{"_timestamp":1.7288294169807947e+09,"train_loss":1.0264756114963978,"_step":999,"train_acc":0.55859375,"val_precision":0.23809523809523808,"_runtime":21.942140946,"train_precision":0.18347481646207264,"val_loss":0.933252597666049,"val_recall":0.287218045112782,"_wandb":{"runtime":21},"val_f1":0.26035986913849507,"train_recall":0.22491241241241242,"train_f1":0.20209135188256386,"val_acc":0.6041666666666666}