{"_timestamp":1.7288185020424886e+09,"_runtime":7.540689574,"_step":999,"train_acc":0.80078125,"train_loss":6.880844739897719,"_wandb":{"runtime":7},"val_acc":0.8107638888888888,"val_loss":6.536096170897761}