{"_step":57,"train_acc":0.0078125,"train_loss":NaN,"val_acc":0,"val_loss":NaN,"_timestamp":1.7284945554745631e+09,"_wandb":{"runtime":12},"_runtime":12.713941579}