{"train_acc":0.3854166666666667,"train_recall":0.16666666666666666,"train_precision":0.06423611111111112,"train_loss":1.5437326269431102,"val_f1":0.11343283582089553,"val_loss":1.5345380919242981,"val_acc":0.3958333333333333,"val_precision":0.07916666666666666,"_runtime":21.072809921,"val_recall":0.2,"_timestamp":1.7288295111774502e+09,"_step":999,"_wandb":{"runtime":21},"train_f1":0.09273182957393483}