{"train_recall":0.34509454266544987,"train_precision":0.41260487389785094,"val_loss":0.07849804500009304,"_step":898,"_runtime":10.044485886,"train_acc":0.6841517857142857,"val_recall":0.3901002506265664,"train_f1":0.37584215362113566,"_timestamp":1.728817849086219e+09,"_wandb":{"runtime":10},"val_precision":0.36649486695998323,"val_f1":0.3779293207984117,"train_loss":0.07151490663072034,"val_acc":0.6458333333333334}