{"val_precision":0.42075471698113204,"val_acc":0.5625,"_wandb":{"runtime":42},"_timestamp":1.7288296758558705e+09,"_step":999,"val_f1":0.33593385483310095,"train_recall":0.2516219864942571,"train_acc":0.5747767857142857,"train_precision":0.2798943318256197,"_runtime":42.129746625,"val_loss":1.1209257194122293,"train_f1":0.2650062297431121,"val_recall":0.27957393483709275,"train_loss":1.1421678943394715}