{"_step":1194,"train_acc":0.7589285714285714,"train_loss":0.5666530748953034,"_wandb":{"runtime":147},"val_acc":0.625,"val_loss":1.3870321795151934,"_timestamp":1.7285654154232776e+09,"_runtime":147.586143542}