{"_wandb":{"runtime":32},"val_f1":0.32555777129032865,"val_acc":0.6145833333333334,"val_loss":0.29513083984129534,"_timestamp":1.7288283282077641e+09,"_step":334,"train_f1":0.26275836952419457,"train_loss":0.30663838881881,"train_recall":0.23615728269677064,"_runtime":13.596111274,"train_precision":0.29611294619680867,"train_acc":0.5591517857142857,"val_recall":0.306390977443609,"val_precision":0.34728260869565214}