{"_wandb":{"runtime":22},"val_acc":0.8810790474507697,"val_loss":10.52272861568063,"_timestamp":1.7287258169240713e+09,"_runtime":22.413632868,"_step":2999,"train_acc":0.818436463614381,"train_loss":16.36907294934433}