{"val_acc":0,"val_loss":NaN,"_timestamp":1.7284954976773033e+09,"_runtime":14.304108059,"_step":62,"_wandb":{"runtime":14},"train_acc":0.0078125,"train_loss":NaN}