{"_runtime":14.601029477,"val_precision":0.3841888270459699,"_wandb":{"runtime":14},"_step":1276,"_timestamp":1.7287641223011081e+09,"train_precision":0.3460105742937341,"val_acc":0.6458333333333334,"train_recall":0.35394505371048224,"train_f1":0.3499328426059968,"val_f1":0.3868749988524102,"train_loss":0.06891651943325496,"train_acc":0.6941964285714286,"val_recall":0.38959899749373433,"val_loss":0.07997223767575413}